Video filename,Date_started,Algae,Treatment,Fish_ID,Fish_Species,Swim_In_Time,Feed_Start_Time,Bite_Count,Feed_End_Time,Swim_Out_Time,Observer,Notes for Emalia/Kai,Notes from Emalia/Kai
GH050009,11/7/22,Amansia,Open,1,Brushtail tang,8:38:00,8:52:00,17,9:27:00,9:46:00,Zara,,
GH050009,11/7/22,Amansia,Open,2,Mimic surgeonfish,8:32:00,9:01:00,2,9:02:00,9:06:00,Zara,,
GH050009,11/7/22,Amansia,Dead coral,3,Brushtail tang,9:17:00,9:37:00,1,9:38:00,9:41:00,Zara,,
GH050009,11/7/22,Amansia,Open,4,Brushtail tang,14:10:00,14:39:00,5,14:56:00,15:10:00,Zara,,
GH040009,11/8/22,Amansia,Open,NO DATA,,,,,,,Zara,,
GH040009,11/8/22,Amansia,Dead coral,NO DATA,,,,,,,Zara,,
GH030009,11/9/22,Amansia,Dead coral,1,Brushtail tang,20:05:00,20:11:00,3,20:15:00,20:44:00,Zara,,
GH030009,11/9/22,Amansia,Open,2,Brushtail tang,23:14:00,23:28:00,1,23:29:00,24:17:00,Zara,,
GH030009,11/9/22,Amansia,Open,3,Brushtail tang,23:16:00,23:31:00,7,23:49:00,23:53:00,Zara,,
GH030180,11/9/22,Amansia,Open,1,Brushtail tang,13:16:00,13:20:00,1,13:21:00,13:29:00,Zara,,
GH030180,11/9/22,Amansia,Open,2,Brushtail tang,13:19:00,13:25:00,6,13:34:00,13:51:00,Zara,,
GH030180,11/9/22,Amansia,Open,3,Brushtail tang,18:33:00,18:45:00,2,18:46:00,19:20:00,Zara,,
GH030180,11/9/22,Amansia,Open,4,Brushtail tang,18:46:00,19:04:00,3,19:09:00,19:17:00,Zara,,
GH030180,11/9/22,Amansia,Open,5,Brushtail tang,21:51:00,22:00:00,45,23:20:00,23:40:00,Zara,,
GH030180,11/9/22,Amansia,Dead coral,NO DATA,,,,,,,Zara,,
GH020180,11/10/22,Amansia,Open,1,Brushtail tang,53:02:00,53:06:00,2,53:12:00,53:21:00,Zara,,
GH020180,11/10/22,Amansia,Open,2,Brushtail tang,53:06:00,53:12:00,2,53:13:00,53:30:00,Zara,,
GH020180,11/10/22,Amansia,Open,3,Brushtail tang,57:56:00,58:01:00,9,58:12:00,58:31:00,Zara,,
GH020180,11/10/22,Amansia,Dead coral,NO DATA,,,,,,,Zara,,
GH010180,11/10/22,Amansia,Open,1,Brushtail tang,28:36:00,28:39:00,2,28:43:00,28:51:00,Zara,,
GH010180,11/10/22,Amansia,Open,2,Brushtail tang,34:07:00,34:19:00,5,34:45:00,34:54:00,Zara,,
GH010180,11/10/22,Amansia,Open,3,Brushtail tang,34:33:00,34:37:00,3,34:40:00,34:45:00,Zara,,
GH010180,11/10/22,Amansia,Open,4,Brushtail tang,36:31:00,36:36:00,1,36:36:00,36:42:00,Zara,not sure if it's taking a bite or just touching the algae,Looks like a bite to me! - Emalia
GH010180,11/10/22,Amansia,Dead coral,NO DATA,,,,,,,Zara,,
GH080009,11/10/22,Amansia,Open,NO DATA,,,,,,,Zara,,
GH080009,11/10/22,Amansia,Dead coral,NO DATA,,,,,,,Zara,,
GH070009,11/10/22,Amansia,Open,1,Brushtail tang,47:34:00,47:37:00,7,47:44:00,49:27:00,Zara,,
GH070009,11/10/22,Amansia,Open,2,Brushtail tang,49:35:00,49:38:00,13,49:55:00,51:43:00,Zara,fish in frame at end of vid. vid end time = swim out time,
GH070009,11/10/22,Amansia,Dead coral,NO DATA,,,,,,,Zara,,
GH060009,11/14/22,Amansia,Open,1,Mimic surgeonfish,25:56:00,26:05:00,7,26:16:00,27:17:00,Zara,,
GH060009,11/14/22,Amansia,Dead coral,NO DATA,,,,,,,Zara,,
GH050009,11/14/22,Amansia,Open,NO DATA,,,,,,,Zara,,
GH050009,11/14/22,Amansia,Dead coral,NO DATA,,,,,,,Zara,,
GH020284,11/20/22,Amansia,Open,NO DATA,,,,,,,Zara,,
GH020284,11/20/22,Amansia,Dead coral,NO DATA,,,,,,,Zara,,
GH030284,11/20/22,Amansia,Dead coral,1,Brushtail tang,16:28:00,16:55:00,1,16:55:00,17:37:00,Zara,,
GH030284,11/20/22,Amansia,Dead coral,2,Brushtail tang,17:52:00,19:12:00,5,19:17:00,19:49:00,Zara,,
GH030284,11/20/22,Amansia,Open,2,Brushtail tang,17:52:00,19:36:00,2,19:38:00,19:49:00,Zara,,
GH030284,11/20/22,Amansia,Open,3,Brushtail tang,20:10:00,20:18:00,1,20:18:00,20:31:00,Zara,,
GH040284,11/20/22,Amansia,Open,1,Brushtail tang,35:05:00,35:13:00,4,35:19:00,36:16:00,Zara,,
GH040284,11/20/22,Amansia,Dead coral,1,Brushtail tang,35:05:00,35:46:00,1,35:46:00,36:16:00,Zara,,
GH040284,11/20/22,Amansia,Open,1,Brushtail tang,35:05:00,36:08:00,1,36:08:00,36:16:00,Zara,,
GH040284,11/20/22,Amansia,Open,2,Brushtail tang,35:56:00,36:13:00,3,36:18:00,36:22:00,Zara,,
GH040284,11/20/22,Amansia,Open,3,Brushtail tang,39:09:00,39:15:00,3,39:18:00,39:28:00,Zara,,
GH040284,11/20/22,Amansia,Open,4,Brushtail tang,39:12:00,39:17:00,5,39:26:00,39:56:00,Zara,,
GH040284,11/20/22,Amansia,Open,5,Brushtail tang,40:44:00,40:51:00,1,40:51:00,41:13:00,Zara,,
GH010284,11/20/22,Amansia,Open,NO DATA,,,,,,,Zara,,
GH010284,11/20/22,Amansia,Dead coral,NO DATA,,,,,,,Zara,,
GH010010,11/20/22,Amansia,Open,NO DATA,,,,,,,Zara,,
GH010010,11/20/22,Amansia,Dead coral,NO DATA,,,,,,,Zara,,
GH020010,11/21/22,Amansia,Open,NO DATA,,,,,,,Zara,,
GH020010,11/21/22,Amansia,Dead coral,NO DATA,,,,,,,Zara,,
GH030010,11/21/22,Amansia,Open,NO DATA,,,,,,,Zara,,
GH030010,11/21/22,Amansia,Dead coral,NO DATA,,,,,,,Zara,,
GH040010,11/21/22,Amansia,Open,NO DATA,,,,,,,Zara,,
GH040010,11/21/22,Amansia,Dead coral,NO DATA,,,,,,,Zara,,
GH010285,11/21/22,Amansia,Open,1,Striped bristletooth,51:31:00,52:12:00,1,52:12:00,52:19:00,Zara,,
GH010285,11/21/22,Amansia,Dead coral,NO DATA,,,,,,,Zara,,
GH020285,11/21/22,Amansia,Open,NO DATA,,,,,,,Zara,,
GH020285,11/21/22,Amansia,Dead coral,NO DATA,,,,,,,Zara,,
GH030285,11/21/22,Amansia,Open,1,Brushtail tang,32:04:00,32:19:00,18,32:32:00,32:38:00,Zara,,
GH030285,11/21/22,Amansia,Dead coral,NO DATA,,,,,,,Zara,,
GH040181,1/28/23,Amansia,Dead coral,1,Striped bristletooth,50:29:00,50:38:00,2,50:40:00,50:48:00,Zara,unsure about second bite,
GH040181,1/28/23,Amansia,Open,1,Striped bristletooth,50:29:00,50:45:00,1,50:45:00,50:48:00,Zara,"unsure about bite ^ for these 2 i cannot see the algae, so i'm not sure whether the fish just went towards it",
GH030181,1/28/23,Amansia,Dead coral,1,Mimic surgeonfish,25:59:00,26:04:00,11,26:16:00,26:54:00,Zara,"^ cannot see the algae, so unsure about some of the bites","Looks like these fish were taking bites of algae growing on the dead coral skeletons, not the amansia. check if there are any other places where you recorded these bites and delete"
GH030181,1/28/23,Amansia,Dead coral,2,Striped bristletooth,26:20:00,26:38:00,1,26:39:00,26:50:00,Zara,,
GH030181,1/28/23,Amansia,Open,NO DATA,,,,,,,Zara,,
GH020181,1/30/23,Amansia,Open,NO DATA,,,,,,,Zara,,
GH020181,1/30/23,Amansia,Dead coral,NO DATA,,,,,,,Zara,,
GH010181,1/30/23,Amansia,Open,NO DATA,,,,,,,Zara,,
GH010181,1/30/23,Amansia,Dead coral,1,Striped bristletooth,39:14:00,39:22:00,2,39:23:00,39:28:00,Zara,,
GH010181,1/30/23,Amansia,Dead coral,2,Striped bristletooth,41:44:00,41:48:00,1,41:48:00,41:50:00,Zara,,
GH040010,1/30/23,Amansia,Open,1,Striped bristletooth,53:44:00,53:48:00,2,53:49:00,54:06:00,Zara,,
GH040010,1/30/23,Amansia,Dead coral,NO DATA,,,,,,,Zara,,
GH030010,1/30/23,Amansia,Dead coral,1,Brushtail tang,24:35:00,24:40:00,2,24:41:00,24:44:00,Zara,fish in frame at start of vid. vid start time = swim in time,
GH030010,1/30/23,Amansia,Open,NO DATA,,,,,,,Zara,,
GH020010,1/30/23,Amansia,Dead coral,NO DATA,,,,,,,Zara,,
GH020010,1/30/23,Amansia,Open,NO DATA,,,,,,,Zara,,
GH010010,1/30/23,Amansia,Open,1,Brushtail tang,47:33:00,47:57:00,24,48:18:00,48:32:00,Zara,,
GH010010,1/30/23,Amansia,Dead coral,NO DATA,,,,,,,Zara,,
GH060009,11/10/22,Amansia,Open,1,Mimic surgeonfish,32:03:00,32:10:00,1,32:10:00,32:34:00,Andy,,
GH060009,11/10/22,Amansia,Dead coral,2,Brushtail tang,38:57:00,39:19:00,3,39:21:00,39:38:00,Andy,May have bit more times out of view (3),
GH070009,11/10/22,Amansia,Open,NO DATA,,,,,,,,,
GH070009,11/10/22,Amansia,Dead coral,1,Brushtail tang,58:55:00,59:00:00,3,59:04:00,59:41:00,Andy,,
GH040180,11/11/22,Amansia,Open,1,Brushtail tang,36:49:00,36:53:00,63,38:27:00,38:30:00,Andy,,
GH040180,11/11/22,Amansia,Open,2,Brushtail tang,37:05:00,37:11:00,1,37:11:00,38:16:00,Andy,,
GH040180,11/11/22,Amansia,Open,3,Brushtail tang,39:07:00,39:11:00,29,39:53:00,39:59:00,Andy,,
GH040180,11/11/22,Amansia,Open,4,Brushtail tang,40:55:00,41:00:00,5,41:11:00,41:55:00,Andy,,
GH040180,11/11/22,Amansia,Open,5,Brushtail tang,43:02:00,43:28:00,7,43:39:00,44:22:00,Andy,,
GH040180,11/11/22,Amansia,Open,6,Brushtail tang,44:31:00,44:34:00,6,45:34:00,45:40:00,Andy,,
GH040180,11/11/22,Amansia,Open,7,Brushtail tang,47:26:00,47:52:00,5,47:57:00,48:08:00,Andy,,
GH040180,11/11/22,Amansia,Dead coral,NO DATA,,,,,,,Andy,,Add row with NO DATA for tratment that has no bites taken for each video
GH050180,11/12/22,Amansia,Dead coral,1,Brushtail tang,1:45:00,1:50:00,3,1:52:00,2:16:00,Andy,,
GH050180,11/12/22,Amansia,Open,2,Brushtail tang,1:29:00,2:19:00,33,3:18:00,3:25:00,Andy,,
GH050180,11/12/22,Amansia,Open,3,Brushtail tang,5:29:00,5:37:00,4,5:44:00,6:31:00,Andy,,
GH050180,11/12/22,Amansia,Open,4,Brushtail tang,8:47:00,9:30:00,2,9:31:00,9:37:00,Andy,,
GH060180,11/12/22,Amansia,Open,1,Brushtail tang,24:46:00,25:18:00,10,25:33:00,26:19:00,Andy,,
GH060180,11/12/22,Amansia,Dead coral,2,Brushtail tang,25:02:00,25:41:00,1,25:42:00,25:59:00,Andy,,
GH060180,11/12/22,Amansia,Dead coral,3,Brushtail tang,31:46:00,31:52:00,3,32:00:00,32:07:00,Andy,,
GH060180,11/12/22,Amansia,Open,4,Brushtail tang,33:26:00,33:31:00,25,34:14:00,34:17:00,Andy,,
GH070180,2/3/23,Amansia,Open,1,Brushtail tang,48:19:00,48:24:00,29,49:39:00,49:44:00,Andy,,
GH070180,2/3/23,Amansia,Open,2,Brushtail tang,50:58:00,51:21:00,4,51:26:00,52:15:00,Andy,,
GH070180,2/3/23,Amansia,Open,3,Brushtail tang,53:54:00,54:09:00,4,54:16:00,54:25:00,Andy,,
GH070180,2/3/23,Amansia,Open,4,Brushtail tang,57:31:00,57:36:00,8,57:43:00,vid end time,Andy,Fish in frame at end of vid,
GH070180,2/3/23,Amansia,Dead coral,NO DATA,,,,,,,Andy,,
GH010009,2/3/23,Amansia,Open,NO DATA,,,,,,,Andy,"Personal observation, half of the video included divers so maybe this affected the bite rate - or lack thereof",
GH010009,2/3/23,Amansia,Dead coral,NO DATA,,,,,,,Andy,,
GH020009,2/3/23,Amansia,Open,1,Brushtail tang,52:37:00,52:42:00,2,52:44:00,53:05:00,Andy,"Theres a small fish that enters @42:30, unsure if feeding",
GH020009,2/3/23,Amansia,Dead coral,NO DATA,,,,,,,Andy,Small fish @47:08,
GH030009,2/3/23,Amansia,Open,1,Brushtail tang,14:06:00,14:12:00,2,14:13:00,14:19:00,Andy,,
GH030009,2/3/23,Amansia,Open,2,Brushtail tang,14:13:00,14:16:00,24,14:42:00,14:49:00,Andy,,
GH030009,2/3/23,Amansia,Open,3,Mimic surgeonfish,14:21:00,14:28:00,1,14:28:00,14:36:00,Andy,,
GH030009,2/3/23,Amansia,Dead coral,NO DATA,,,,,,,Andy,,
GH040009,2/3/23,Amansia,Open,1,Brushtail tang,32:29:00,32:34:00,7,32:54:00,32:57:00,Andy,,
GH040009,2/3/23,Amansia,Open,2,Brushtail tang,35:52:00,35:56:00,7,36:04:00,36:19:00,Andy,,
GH040009,2/3/23,Amansia,Dead coral,NO DATA,,,,,,,Andy,,
GH050284,2/3/23,Amansia,Open,1,Brushtail tang,1:00:00,1:05:00,4,1:09:00,1:30:00,Andy,,
GH050284,2/3/23,Amansia,Dead coral,NO DATA,,,,,,,Andy,,
GH060284,2/5/23,Amansia,Open,1,Brushtail tang,20:56:00,21:07:00,4,21:19:00,22:09:00,Andy,,
GH060284,2/5/23,Amansia,Dead coral,1,Brushtail tang,20:56:00,21:58:00,2,21:59:00,22:09:00,Andy,,
GH060284,2/5/23,Amansia,Open,2,Brushtail tang,24:25:00,24:29:00,2,24:33:00,24:50:00,Andy,,
GH070284,2/5/23,Amansia,Open,1,Brushtail tang,45:54:00,46:01:00,1,46:01:00,46:18:00,Andy,,
GH070284,2/5/23,Amansia,Dead coral,NO DATA,,,,,,,Andy,,
GH050010,2/5/23,Amansia,Open,NO DATA,,,,,,,Andy,,
GH050010,2/5/23,Amansia,Dead coral,1,Brushtail tang,13:03:00,13:05:00,6,13:09:00,13:20:00,Andy,,
GH060010,2/5/23,Amansia,Open,NO DATA,,,,,,,Andy,,
GH060010,2/5/23,Amansia,Dead coral,NO DATA,,,,,,,Andy,,
GH070010,2/5/23,Amansia,Open,1,Brushtail tang,2:49:00,3:49:00,1,3:49:00,4:33:00,Andy,,
GH070010,2/5/23,Amansia,Dead coral,NO DATA,,,,,,,Andy,,
GH080010,2/5/23,Amansia,Open,1,Brushtail tang,18:51:00,19:15:00,Unknown,19:22:00,19:30:00,Andy,"Counted 8 bites, unsure if others were bites",
GH080010,2/5/23,Amansia,Dead coral,NO DATA,,,,,,,Andy,,
GH040285,2/5/23,Amansia,Open,1,Brushtail tang,57:43:00,58:07:00,26,58:50:00,59:21:00,Andy,,
GH040285,2/5/23,Amansia,Open,2,Unknown,1:54:00,1:57:00,2,2:00:00,2:07:00,Andy,Turtle,
GH040285,2/5/23,Amansia,Dead coral,NO DATA,,,,,,,Andy,,
GH050285,2/5/23,Amansia,Open,1,Brushtail tang,17:01:00,17:04:00,1,17:04:00,19:16:00,Andy,,
GH050285,2/5/23,Amansia,Dead coral,NO DATA,,,,,,,Andy,,
GH060285,2/5/23,Amansia,Open,1,Brushtail tang,44:13:00,44:16:00,3,44:18:00,44:56:00,Andy,,
GH060285,2/5/23,Amansia,Dead coral,2,Striped bristletooth,41:22:00,41:36:00,1,41:36:00,42:07:00,Andy,,
GH050181,2/5/23,Amansia,Open,NO DATA,,,,,,,Andy,,
GH050181,2/5/23,Amansia,Dead coral,NO DATA,,,,,,,Andy,,
GH060181,2/5/23,Amansia,Open,NO DATA,,,,,,,Andy,,
GH060181,2/5/23,Amansia,Dead coral,1,Striped bristletooth,37:39:00,37:42:00,Unknown,37:42:00,37:47:00,Andy,Unsure if it is feeding,
GH070181,2/8/23,Amansia,Open,NO DATA,,,,,,,Andy,,
GH070181,2/8/23,Amansia,Dead coral,1,Mimic surgeonfish,3:36:00,3:38:00,Unknown,3:40:00,3:58:00,Andy,Unsure if it is feeding,
GH080181,2/8/23,Amansia,Open,NO DATA,,,,,,,Andy,,
GH080181,2/8/23,Amansia,Dead coral,NO DATA,,,,,,,Andy,Small fish swimming around the corals,
GH050010,2/8/23,Amansia,Open,1,Brushtail tang,22:03:00,23:00:00,15,23:14:00,23:18:00,Andy,,
GH050010,2/8/23,Amansia,Open,2,Brushtail tang,22:39:00,23:15:00,10,vid end time,vid end time,Andy,Fish in frame at end of vid,
GH050010,2/8/23,Amansia,Dead coral,NO DATA,,,,,,,Andy,,
GH060010,2/8/23,Amansia,Open,1,Brushtail tang,swim in time,swim in time,16,35:36:00,36:42:00,Andy,Fish in frame at start of vid,
GH060010,2/8/23,Amansia,Open,2,Brushtail tang,38:57:00,39:21:00,Unknown,39:24:00,39:44:00,Andy,Unsure of amount of bites,
GH060010,2/8/23,Amansia,Open,3,Brushtail tang,38:44:00,39:26:00,12,39:43:00,40:48:00,Andy,,
GH060010,2/8/23,Amansia,Open,4,Brushtail tang,43:41:00,44:20:00,20,44:46:00,vid end time,Andy,Fish in frame at end of vid,
GH060010,2/8/23,Amansia,Dead coral,1,Brushtail tang,swim in time,35:20:00,5,35:24:00,35:51:00,Andy,Fish in frame at start of vid,
GH070010,2/8/23,Amansia,Open,1,Mimic surgeonfish,swim in time,58:58:00,1,58:59:00,59:08:00,Andy,Fish in frame at start of vid,
GH070010,2/8/23,Amansia,Open,2,Brushtail tang,swim in time,59:04:00,6,59:08:00,0:26:00,Andy,Fish in frame at start of vid,
GH070010,2/8/23,Amansia,Open,3,Brushtail tang,swim in time,59:17:00,7,59:48:00,0:03:00,Andy,Fish in frame at start of vid,
GH070010,2/8/23,Amansia,Open,4,Brushtail tang,1:13:00,1:51:00,2,1:52:00,2:14:00,Andy,,
GH070010,2/8/23,Amansia,Dead coral,5,Mimic surgeonfish,swim in time,58:55:00,Unknown,59:00:00,59:22:00,Andy,Fish in frame at start of vid; Unknown feeding,
GH080010,2/8/23,Amansia,Open,NO DATA,,,,,,,Andy,,
GH080010,2/8/23,Amansia,Dead coral,NO DATA,,,,,,,Andy,,
GH010298.MP4,8/1/22,Lobophora,Dead coral,NO DATA,,,,,,,Emalia,,
GH010298.MP4,8/1/22,Lobophora,Open,NO DATA,,,,,,,Emalia,,
GH020298.MP4,8/1/22,Lobophora,Dead coral,NO DATA,,,,,,,Emalia,,
GH020298.MP4,8/1/22,Lobophora,Open,NO DATA,,,,,,,Emalia,,
GH030298.MP4,8/1/22,Lobophora,Dead coral,NO DATA,,,,,,,Emalia,,
GH030298.MP4,8/1/22,Lobophora,Open,NO DATA,,,,,,,Emalia,,
GH040298.MP4,8/1/22,Lobophora,Dead coral,NO DATA,,,,,,,Emalia,,
GH040298.MP4,8/1/22,Lobophora,Open,NO DATA,,,,,,,Emalia,,
GH050298.MP4,8/1/22,Lobophora,Dead coral,NO DATA,,,,,,,Emalia,,
GH050298.MP4,8/1/22,Lobophora,Open,NO DATA,,,,,,,Emalia,,
GH060298.MP4,8/1/22,Lobophora,Dead coral,NO DATA,,,,,,,Emalia,,
GH060298.MP4,8/1/22,Lobophora,Open,NO DATA,,,,,,,Emalia,,
GH070298.MP4,8/1/22,Lobophora,Dead coral,NO DATA,,,,,,,Emalia,,
GH070298.MP4,8/1/22,Lobophora,Open,NO DATA,,,,,,,Emalia,,
GH010021.MP4,8/1/22,Lobophora,Dead coral,NO DATA,,,,,,,Emalia,,
GH010021.MP4,8/1/22,Lobophora,Open,NO DATA,,,,,,,Emalia,,
GH020021.MP4,8/1/22,Lobophora,Dead coral,NO DATA,,,,,,,Emalia,,
GH020021.MP4,8/1/22,Lobophora,Open,NO DATA,,,,,,,Emalia,,
GH030021.MP4,8/1/22,Lobophora,Dead coral,NO DATA,,,,,,,Emalia,,
GH030021.MP4,8/1/22,Lobophora,Open,NO DATA,,,,,,,Emalia,,
GH040021.MP4,8/1/22,Lobophora,Dead coral,NO DATA,,,,,,,Emalia,,
GH040021.MP4,8/1/22,Lobophora,Open,NO DATA,,,,,,,Emalia,,
GH050021.MP4,8/1/22,Lobophora,Dead coral,NO DATA,,,,,,,Emalia,,
GH050021.MP4,8/1/22,Lobophora,Open,NO DATA,,,,,,,Emalia,,
GH060021.MP4,8/1/22,Lobophora,Dead coral,NO DATA,,,,,,,Emalia,,
GH060021.MP4,8/1/22,Lobophora,Open,NO DATA,,,,,,,Emalia,,
GH070021.MP4,8/1/22,Lobophora,Dead coral,NO DATA,,,,,,,Emalia,,
GH070021.MP4,8/1/22,Lobophora,Open,NO DATA,,,,,,,Emalia,,
GH010018.MP4,8/1/22,Lobophora,Dead coral,NO DATA,,,,,,,Emalia,,
GH010018.MP4,8/1/22,Lobophora,Open,NO DATA,,,,,,,Emalia,,
GH020018.MP4,8/1/22,Lobophora,Dead coral,NO DATA,,,,,,,Emalia,,
GH020018.MP4,8/1/22,Lobophora,Open,NO DATA,,,,,,,Emalia,,
GH030018.MP4,8/1/22,Lobophora,Dead coral,NO DATA,,,,,,,Emalia,,
GH030018.MP4,8/1/22,Lobophora,Open,NO DATA,,,,,,,Emalia,,
GH040018.MP4,8/1/22,Lobophora,Dead coral,NO DATA,,,,,,,Emalia,,
GH040018.MP4,8/1/22,Lobophora,Open,NO DATA,,,,,,,Emalia,,
GH050018.MP4,8/1/22,Lobophora,Dead coral,NO DATA,,,,,,,Emalia,,
GH050018.MP4,8/1/22,Lobophora,Open,NO DATA,,,,,,,Emalia,,
GH060018.MP4,8/1/22,Lobophora,Dead coral,NO DATA,,,,,,,Emalia,,
GH060018.MP4,8/1/22,Lobophora,Open,NO DATA,,,,,,,Emalia,,
GH070018.MP4,8/1/22,Lobophora,Dead coral,NO DATA,,,,,,,Emalia,,
GH070018.MP4,8/1/22,Lobophora,Open,NO DATA,,,,,,,Emalia,,
GH010203.MP4,8/1/22,Lobophora,Dead coral,NO DATA,,,,,,,Emalia,,
GH010203.MP4,8/1/22,Lobophora,Open,NO DATA,,,,,,,Emalia,,
GH020203.MP4,8/1/22,Lobophora,Dead coral,NO DATA,,,,,,,Emalia,,
GH020203.MP4,8/1/22,Lobophora,Open,NO DATA,,,,,,,Emalia,,
GH030203.MP4,8/1/22,Lobophora,Dead coral,NO DATA,,,,,,,Emalia,,
GH030203.MP4,8/1/22,Lobophora,Open,NO DATA,,,,,,,Emalia,,
GH040203.MP4,8/1/22,Lobophora,Dead coral,NO DATA,,,,,,,Emalia,,
GH040203.MP4,8/1/22,Lobophora,Open,NO DATA,,,,,,,Emalia,,
GH050203.MP4,8/1/22,Lobophora,Dead coral,NO DATA,,,,,,,Emalia,,
GH050203.MP4,8/1/22,Lobophora,Open,NO DATA,,,,,,,Emalia,Brushtail tang took 23 bites of epiphytes on open treatment,
GH060203.MP4,8/1/22,Lobophora,Dead coral,NO DATA,,,,,,,Emalia,,
GH060203.MP4,8/1/22,Lobophora,Open,NO DATA,,,,,,,Emalia,,
GH070203.MP4,8/1/22,Lobophora,Dead coral,NO DATA,,,,,,,Emalia,,
GH070203.MP4,8/1/22,Lobophora,Open,NO DATA,,,,,,,Emalia,,
GH010020.MP4,8/1/22,Lobophora,Dead coral,NO DATA,,,,,,,Emalia,,
GH010020.MP4,8/1/22,Lobophora,Open,NO DATA,,,,,,,Emalia,,
GH010201.MP4,8/1/22,Lobophora,Dead coral,NO DATA,,,,,,,Emalia,,
GH010201.MP4,8/1/22,Lobophora,Open,NO DATA,,,,,,,Emalia,,
GH020020.MP4,8/1/22,Lobophora,Dead coral,NO DATA,,,,,,,Emalia,,
GH020020.MP4,8/1/22,Lobophora,Open,NO DATA,,,,,,,Emalia,,
GH020201.MP4,8/1/22,Lobophora,Dead coral,NO DATA,,,,,,,Emalia,,
GH020201.MP4,8/1/22,Lobophora,Open,NO DATA,,,,,,,Emalia,,
GH030020.MP4,8/1/22,Lobophora,Dead coral,NO DATA,,,,,,,Emalia,,
GH030020.MP4,8/1/22,Lobophora,Open,NO DATA,,,,,,,Emalia,,
GH030201.MP4,8/1/22,Lobophora,Dead coral,NO DATA,,,,,,,Emalia,,
GH030201.MP4,8/1/22,Lobophora,Open,NO DATA,,,,,,,Emalia,,
GH040020.MP4,8/1/22,Lobophora,Dead coral,NO DATA,,,,,,,Emalia,,
GH040020.MP4,8/1/22,Lobophora,Open,NO DATA,,,,,,,Emalia,,
GH040201.MP4,8/1/22,Lobophora,Dead coral,NO DATA,,,,,,,Emalia,,
GH040201.MP4,8/1/22,Lobophora,Open,NO DATA,,,,,,,Emalia,,
GH050201.MP4,8/1/22,Lobophora,Dead coral,NO DATA,,,,,,,Emalia,,
GH050201.MP4,8/1/22,Lobophora,Open,NO DATA,,,,,,,Emalia,,
GH060201.MP4,8/1/22,Lobophora,Dead coral,NO DATA,,,,,,,Emalia,,
GH060201.MP4,8/1/22,Lobophora,Open,NO DATA,,,,,,,Emalia,,
GH070201.MP4,8/1/22,Lobophora,Dead coral,NO DATA,,,,,,,Emalia,,
GH070201.MP4,8/1/22,Lobophora,Open,NO DATA,,,,,,,Emalia,,
GH080201.MP4,8/1/22,Lobophora,Dead coral,NO DATA,,,,,,,Emalia,,
GH080201.MP4,8/1/22,Lobophora,Open,NO DATA,,,,,,,Emalia,,
GH010017.MP4,8/1/22,Lobophora,Dead coral,NO DATA,,,,,,,Emalia,,
GH010017.MP4,8/1/22,Lobophora,Open,NO DATA,,,,,,,Emalia,,
GH010295.MP4,8/1/22,Lobophora,Dead coral,NO DATA,,,,,,,Emalia,,
GH010295.MP4,8/1/22,Lobophora,Open,NO DATA,,,,,,,Emalia,,
GH020017.MP4,8/1/22,Lobophora,Dead coral,NO DATA,,,,,,,Emalia,,
GH020017.MP4,8/1/22,Lobophora,Open,NO DATA,,,,,,,Emalia,,
GH020295.MP4,8/1/22,Lobophora,Dead coral,NO DATA,,,,,,,Emalia,,
GH020295.MP4,8/1/22,Lobophora,Open,NO DATA,,,,,,,Emalia,,
GH030017.MP4,8/1/22,Lobophora,Dead coral,NO DATA,,,,,,,Emalia,,
GH030017.MP4,8/1/22,Lobophora,Open,NO DATA,,,,,,,Emalia,,
GH030295.MP4,8/1/22,Lobophora,Dead coral,NO DATA,,,,,,,Emalia,,
GH030295.MP4,8/1/22,Lobophora,Open,NO DATA,,,,,,,Emalia,,
GH040017.MP4,8/1/22,Lobophora,Dead coral,NO DATA,,,,,,,Emalia,,
GH040017.MP4,8/1/22,Lobophora,Open,NO DATA,,,,,,,Emalia,,
GH040295.MP4,8/1/22,Lobophora,Dead coral,NO DATA,,,,,,,Emalia,,
GH040295.MP4,8/1/22,Lobophora,Open,NO DATA,,,,,,,Emalia,,
GH050295.MP4,8/1/22,Lobophora,Dead coral,NO DATA,,,,,,,Emalia,,
GH050295.MP4,8/1/22,Lobophora,Open,NO DATA,,,,,,,Emalia,,
GH060295.MP4,8/1/22,Lobophora,Dead coral,NO DATA,,,,,,,Emalia,,
GH060295.MP4,8/1/22,Lobophora,Open,NO DATA,,,,,,,Emalia,,
GH070295.MP4,8/1/22,Lobophora,Dead coral,NO DATA,,,,,,,Emalia,,
GH070295.MP4,8/1/22,Lobophora,Open,NO DATA,,,,,,,Emalia,,
GH080295.MP4,8/1/22,Lobophora,Dead coral,NO DATA,,,,,,,Emalia,,
GH080295.MP4,8/1/22,Lobophora,Open,NO DATA,,,,,,,Emalia,,
GH010019.MP4,8/1/22,Lobophora,Dead coral,NO DATA,,,,,,,Emalia,,
GH010019.MP4,8/1/22,Lobophora,Open,NO DATA,,,,,,,Emalia,,
GH010296.MP4,8/1/22,Lobophora,Dead coral,NO DATA,,,,,,,Emalia,,
GH010296.MP4,8/1/22,Lobophora,Open,NO DATA,,,,,,,Emalia,,
GH020019.MP4,8/1/22,Lobophora,Dead coral,NO DATA,,,,,,,Emalia,,
GH020019.MP4,8/1/22,Lobophora,Open,NO DATA,,,,,,,Emalia,,
GH020296.MP4,8/1/22,Lobophora,Dead coral,NO DATA,,,,,,,Emalia,,
GH020296.MP4,8/1/22,Lobophora,Open,NO DATA,,,,,,,Emalia,,
GH030019.MP4,8/1/22,Lobophora,Dead coral,NO DATA,,,,,,,Emalia,,
GH030019.MP4,8/1/22,Lobophora,Open,NO DATA,,,,,,,Emalia,,
GH030296.MP4,8/1/22,Lobophora,Dead coral,NO DATA,,,,,,,Emalia,,
GH030296.MP4,8/1/22,Lobophora,Open,NO DATA,,,,,,,Emalia,,
GH040019.MP4,8/1/22,Lobophora,Dead coral,NO DATA,,,,,,,Emalia,,
GH040019.MP4,8/1/22,Lobophora,Open,NO DATA,,,,,,,Emalia,,
GH040296.MP4,8/1/22,Lobophora,Dead coral,NO DATA,,,,,,,Emalia,,
GH040296.MP4,8/1/22,Lobophora,Open,NO DATA,,,,,,,Emalia,,
GH050019.MP4,8/1/22,Lobophora,Dead coral,NO DATA,,,,,,,Emalia,,
GH050019.MP4,8/1/22,Lobophora,Open,NO DATA,,,,,,,Emalia,,
GH060019.MP4,8/1/22,Lobophora,Dead coral,NO DATA,,,,,,,Emalia,,
GH060019.MP4,8/1/22,Lobophora,Open,NO DATA,,,,,,,Emalia,,
GH070019.MP4,8/1/22,Lobophora,Dead coral,NO DATA,,,,,,,Emalia,,
GH070019.MP4,8/1/22,Lobophora,Open,NO DATA,,,,,,,Emalia,,
GH080019.MP4,8/1/22,Lobophora,Dead coral,NO DATA,,,,,,,Emalia,,
GH080019.MP4,8/1/22,Lobophora,Open,NO DATA,,,,,,,Emalia,,
GH010016.MP4,8/1/22,Lobophora,Dead coral,NO DATA,,,,,,,Emalia,,
GH010016.MP4,8/1/22,Lobophora,Open,NO DATA,,,,,,,Emalia,,
GH010202.MP4,8/1/22,Lobophora,Dead coral,NO DATA,,,,,,,Emalia,,
GH010202.MP4,8/1/22,Lobophora,Open,NO DATA,,,,,,,Emalia,,
GH020016.MP4,8/1/22,Lobophora,Dead coral,NO DATA,,,,,,,Emalia,,
GH020016.MP4,8/1/22,Lobophora,Open,NO DATA,,,,,,,Emalia,,
GH020202.MP4,8/1/22,Lobophora,Dead coral,NO DATA,,,,,,,Emalia,,
GH020202.MP4,8/1/22,Lobophora,Open,NO DATA,,,,,,,Emalia,,
GH030016.MP4,8/1/22,Lobophora,Dead coral,NO DATA,,,,,,,Emalia,,
GH030016.MP4,8/1/22,Lobophora,Open,NO DATA,,,,,,,Emalia,,
GH030202.MP4,8/1/22,Lobophora,Dead coral,NO DATA,,,,,,,Emalia,,
GH030202.MP4,8/1/22,Lobophora,Open,NO DATA,,,,,,,Emalia,,
GH040016.MP4,8/1/22,Lobophora,Dead coral,NO DATA,,,,,,,Emalia,,
GH040016.MP4,8/1/22,Lobophora,Open,NO DATA,,,,,,,Emalia,,
GH040202.MP4,8/1/22,Lobophora,Dead coral,NO DATA,,,,,,,Emalia,,
GH040202.MP4,8/1/22,Lobophora,Open,NO DATA,,,,,,,Emalia,,
GH050016.MP4,8/1/22,Lobophora,Dead coral,NO DATA,,,,,,,Emalia,,
GH050016.MP4,8/1/22,Lobophora,Open,NO DATA,,,,,,,Emalia,,
GH060016.MP4,8/1/22,Lobophora,Dead coral,NO DATA,,,,,,,Emalia,,
GH060016.MP4,8/1/22,Lobophora,Open,NO DATA,,,,,,,Emalia,,
GH070016.MP4,8/1/22,Lobophora,Dead coral,NO DATA,,,,,,,Emalia,,
GH070016.MP4,8/1/22,Lobophora,Open,NO DATA,,,,,,,Emalia,,
GH080016.MP4,8/1/22,Lobophora,Dead coral,NO DATA,,,,,,,Emalia,,
GH080016.MP4,8/1/22,Lobophora,Open,NO DATA,,,,,,,Emalia,,
GH010294.MP4,8/1/22,Lobophora,Dead coral,NO DATA,,,,,,,Emalia,,
GH010294.MP4,8/1/22,Lobophora,Open,NO DATA,,,,,,,Emalia,,
GH020294.MP4,8/1/22,Lobophora,Dead coral,NO DATA,,,,,,,Emalia,,
GH020294.MP4,8/1/22,Lobophora,Open,NO DATA,,,,,,,Emalia,,
GH030294.MP4,8/1/22,Lobophora,Dead coral,NO DATA,,,,,,,Emalia,,
GH030294.MP4,8/1/22,Lobophora,Open,NO DATA,,,,,,,Emalia,,
GH040294.MP4,8/1/22,Lobophora,Dead coral,NO DATA,,,,,,,Emalia,,
GH040294.MP4,8/1/22,Lobophora,Open,NO DATA,,,,,,,Emalia,,
GH050294.MP4,8/1/22,Lobophora,Dead coral,NO DATA,,,,,,,Emalia,,
GH050294.MP4,8/1/22,Lobophora,Open,NO DATA,,,,,,,Emalia,,
GH060294.MP4,8/1/22,Lobophora,Dead coral,NO DATA,,,,,,,Emalia,,
GH060294.MP4,8/1/22,Lobophora,Open,NO DATA,,,,,,,Emalia,,
GH070294.MP4,8/1/22,Lobophora,Dead coral,NO DATA,,,,,,,Emalia,,
GH070294.MP4,8/1/22,Lobophora,Open,NO DATA,,,,,,,Emalia,,
GH010015.MP4,8/1/22,Lobophora,Dead coral,NO DATA,,,,,,,Emalia,,
GH010015.MP4,8/1/22,Lobophora,Open,NO DATA,,,,,,,Emalia,,
GH020015.MP4,8/1/22,Lobophora,Dead coral,NO DATA,,,,,,,Emalia,,
GH020015.MP4,8/1/22,Lobophora,Open,NO DATA,,,,,,,Emalia,,
GH030015.MP4,8/1/22,Lobophora,Dead coral,NO DATA,,,,,,,Emalia,,
GH030015.MP4,8/1/22,Lobophora,Open,NO DATA,,,,,,,Emalia,,
GH040015.MP4,8/1/22,Lobophora,Dead coral,NO DATA,,,,,,,Emalia,,
GH040015.MP4,8/1/22,Lobophora,Open,NO DATA,,,,,,,Emalia,,
GH050015.MP4,8/1/22,Lobophora,Dead coral,NO DATA,,,,,,,Emalia,,
GH050015.MP4,8/1/22,Lobophora,Open,NO DATA,,,,,,,Emalia,,
GH060015.MP4,8/1/22,Lobophora,Dead coral,NO DATA,,,,,,,Emalia,,
GH060015.MP4,8/1/22,Lobophora,Open,NO DATA,,,,,,,Emalia,,
GH070015.MP4,8/1/22,Lobophora,Dead coral,NO DATA,,,,,,,Emalia,,
GH070015.MP4,8/1/22,Lobophora,Open,NO DATA,,,,,,,Emalia,,
GH010200.MP4,8/1/22,Lobophora,Dead coral,NO DATA,,,,,,,Emalia,,
GH010200.MP4,8/1/22,Lobophora,Open,NO DATA,,,,,,,Emalia,,
GH020200.MP4,8/1/22,Lobophora,Dead coral,NO DATA,,,,,,,Emalia,,
GH020200.MP4,8/1/22,Lobophora,Open,NO DATA,,,,,,,Emalia,,
GH030200.MP4,8/1/22,Lobophora,Dead coral,NO DATA,,,,,,,Emalia,,
GH030200.MP4,8/1/22,Lobophora,Open,NO DATA,,,,,,,Emalia,,
GH040200.MP4,8/1/22,Lobophora,Dead coral,NO DATA,,,,,,,Emalia,,
GH040200.MP4,8/1/22,Lobophora,Open,NO DATA,,,,,,,Emalia,,
GH050200.MP4,8/1/22,Lobophora,Dead coral,NO DATA,,,,,,,Emalia,,
GH050200.MP4,8/1/22,Lobophora,Open,NO DATA,,,,,,,Emalia,,
GH060200.MP4,8/1/22,Lobophora,Dead coral,NO DATA,,,,,,,Emalia,,
GH060200.MP4,8/1/22,Lobophora,Open,NO DATA,,,,,,,Emalia,,
GH070200.MP4,8/1/22,Lobophora,Dead coral,NO DATA,,,,,,,Emalia,,
GH070200.MP4,8/1/22,Lobophora,Open,NO DATA,,,,,,,Emalia,,
GH010018.MP4,8/1/22,Lobophora,Dead coral,NO DATA,,,,,,,Emalia,,
GH010018.MP4,8/1/22,Lobophora,Open,NO DATA,,,,,,,Emalia,,
GH020018.MP4,8/1/22,Lobophora,Dead coral,NO DATA,,,,,,,Emalia,,
GH020018.MP4,8/1/22,Lobophora,Open,NO DATA,,,,,,,Emalia,,
GH030018.MP4,8/1/22,Lobophora,Dead coral,NO DATA,,,,,,,Emalia,,
GH030018.MP4,8/1/22,Lobophora,Open,NO DATA,,,,,,,Emalia,,
GH040018.MP4,8/1/22,Lobophora,Dead coral,NO DATA,,,,,,,Emalia,,
GH040018.MP4,8/1/22,Lobophora,Open,NO DATA,,,,,,,Emalia,,
GH050018.MP4,8/1/22,Lobophora,Dead coral,NO DATA,,,,,,,Emalia,,
GH050018.MP4,8/1/22,Lobophora,Open,NO DATA,,,,,,,Emalia,,
GH060018.MP4,8/1/22,Lobophora,Dead coral,NO DATA,,,,,,,Emalia,,
GH060018.MP4,8/1/22,Lobophora,Open,NO DATA,,,,,,,Emalia,,
GH010291.MP4,8/1/22,Lobophora,Dead coral,NO DATA,,,,,,,Emalia,,
GH010291.MP4,8/1/22,Lobophora,Open,NO DATA,,,,,,,Emalia,,
GH010292.MP4,8/1/22,Lobophora,Open,1,Farmer fish,11:03:00,11:12:00,3,11:16:00,11:23:00,Emalia,"Might just be trying to weed the algae, but it is still taking bites. Assays in their territory? Fending off other fish (eg chase Brushtail tang)?",
GH010292.MP4,8/1/22,Lobophora,Open,2,Farmer fish,13:24:00,13:31:00,3,13:43:00,13:48:00,Emalia,Takes off big chunk,
GH010292.MP4,8/1/22,Lobophora,Open,3,Farmer fish,14:05:00,14:11:00,4,14:23:00,14:28:00,Emalia,,
GH010292.MP4,8/1/22,Lobophora,Open,4,Farmer fish,16:15:00,16:19:00,4,16:23:00,16:26:00,Emalia,,
GH010292.MP4,8/1/22,Lobophora,Open,5,Farmer fish,17:09:00,17:13:00,7,17:25:00,17:30:00,Emalia,,
GH010292.MP4,8/1/22,Lobophora,Open,6,Farmer fish,18:14:00,18:17:00,5,18:35:00,18:41:00,Emalia,Takes off big chunk,
GH010292.MP4,8/1/22,Lobophora,Dead coral,NO DATA,,,,,,,Emalia,,
GH020292.MP4,8/1/22,Lobophora,Open,1,Farmer fish,31:44:00,32:01:00,4,32:15:00,32:19:00,Emalia,Brushtail tang eats epiphytes off of blades,
GH020292.MP4,8/1/22,Lobophora,Open,2,Farmer fish,32:38:00,32:46:00,1,32:46:00,33:01:00,Emalia,,
GH020292.MP4,8/1/22,Lobophora,Open,3,Farmer fish,33:06:00,33:15:00,8,33:47:00,33:49:00,Emalia,,
GH020292.MP4,8/2/22,Lobophora,Dead coral,4,Farmer fish,33:29:00,33:47:00,2,33:53:00,34:00:00,Emalia,,
GH020292.MP4,8/2/22,Lobophora,Open,5,Farmer fish,34:23:00,34:25:00,3,34:31:00,34:36:00,Emalia,,
GH020292.MP4,8/2/22,Lobophora,Open,6,Farmer fish,35:29:00,35:36:00,2,35:58:00,36:02:00,Emalia,,
GH020292.MP4,8/2/22,Lobophora,Open,7,Farmer fish,37:27:00,37:31:00,8,37:50:00,37:55:00,Emalia,,
GH020292.MP4,8/2/22,Lobophora,Dead coral,8,Farmer fish,38:17:00,38:46:00,1,38:46:00,38:53:00,Emalia,,
GH020292.MP4,8/2/22,Lobophora,Open,9,Farmer fish,38:46:00,38:50:00,2,38:53:00,39:10:00,Emalia,,
GH020292.MP4,8/2/22,Lobophora,Open,10,Farmer fish,41:02:00,41:16:00,2,41:19:00,41:24:00,Emalia,,
GH030292.MP4,8/2/22,Lobophora,Open,1,Farmer fish,54:34:00,54:42:00,3,54:50:00,55:09:00,Emalia,,
GH030292.MP4,8/2/22,Lobophora,Open,2,Farmer fish,0:14:00,0:19:00,3,0:26:00,0:42:00,Emalia,,
GH030292.MP4,8/2/22,Lobophora,Open,3,Farmer fish,1:34:00,1:36:00,5,1:59:00,2:19:00,Emalia,,
GH030292.MP4,8/2/22,Lobophora,Open,4,Farmer fish,2:46:00,3:08:00,1,3:08:00,3:25:00,Emalia,,
GH030292.MP4,8/2/22,Lobophora,Open,5,Farmer fish,4:28:00,4:45:00,2,4:55:00,5:03:00,Emalia,,
GH030292.MP4,8/2/22,Lobophora,Open,6,Farmer fish,5:34:00,5:56:00,2,6:01:00,6:12:00,Emalia,Fish in frame at end of vid. vid end time = swim out time,
GH030292.MP4,8/2/22,Lobophora,Dead coral,NO DATA,,,,,,,Emalia,,
GH040292.MP4,8/2/22,Lobophora,Open,1,Farmer fish,17:59:00,18:03:00,1,18:03:00,18:09:00,Emalia,Fish in frame at beginning of vid. vid start time = swim in time,
GH040292.MP4,8/2/22,Lobophora,Open,2,Farmer fish,18:40:00,18:51:00,1,18:51:00,19:07:00,Emalia,,
GH040292.MP4,8/2/22,Lobophora,Open,3,Farmer fish,20:51:00,21:00:00,1,21:00:00,21:13:00,Emalia,,
GH040292.MP4,8/2/22,Lobophora,Dead coral,4,Farmer fish,20:21:00,21:03:00,3,21:04:00,21:13:00,Emalia,,
GH040292.MP4,8/2/22,Lobophora,Open,5,Farmer fish,21:31:00,21:36:00,1,21:36:00,22:19:00,Emalia,,
GH040292.MP4,8/2/22,Lobophora,Open,6,Farmer fish,22:38:00,22:50:00,3,23:21:00,23:26:00,Emalia,,
GH040292.MP4,8/2/22,Lobophora,Open,7,Farmer fish,24:09:00,24:54:00,1,24:54:00,25:28:00,Emalia,,
GH040292.MP4,8/4/22,Lobophora,Open,1,Farmer fish,17:59:00,18:03:00,1,18:03:00,18:09:00,Emalia,Fish in frame at beginning of vid. vid start time = swim in time,
GH040292.MP4,8/4/22,Lobophora,Open,2,Farmer fish,18:40:00,18:51:00,1,18:51:00,19:07:00,Emalia,,
GH040292.MP4,8/4/22,Lobophora,Open,3,Farmer fish,20:51:00,21:00:00,1,21:00:00,21:13:00,Emalia,,
GH040292.MP4,8/4/22,Lobophora,Dead coral,4,Farmer fish,20:21:00,21:03:00,3,21:04:00,21:13:00,Emalia,,
GH040292.MP4,8/4/22,Lobophora,Open,5,Farmer fish,21:31:00,21:36:00,1,21:36:00,22:19:00,Emalia,,
GH040292.MP4,8/4/22,Lobophora,Open,6,Farmer fish,22:38:00,22:50:00,3,23:21:00,23:26:00,Emalia,,
GH040292.MP4,8/4/22,Lobophora,Open,7,Farmer fish,24:09:00,24:54:00,1,24:54:00,25:28:00,Emalia,,
GH040292.MP4,8/4/22,Lobophora,Open,8,Farmer fish,26:28:00,27:27:00,3,27:36:00,27:48:00,Emalia,,
GH040292.MP4,8/4/22,Lobophora,Open,9,Farmer fish,29:15:00,29:22:00,1,29:22:00,29:46:00,Emalia,Fish in frame at end of vid. vid end time = swim out time,
GH050292.MP4,8/4/22,Lobophora,Open,1,Farmer fish,42:04:00,42:35:00,1,42:35:00,42:42:00,Emalia,,
GH050292.MP4,8/4/22,Lobophora,Dead coral,2,Farmer fish,42:34:00,42:44:00,1,42:44:00,42:51:00,Emalia,,
GH050292.MP4,8/4/22,Lobophora,Open,3,Farmer fish,43:13:00,43:40:00,1,43:40:00,43:43:00,Emalia,,
GH050292.MP4,8/4/22,Lobophora,Dead coral,4,Farmer fish,44:46:00,44:51:00,3,44:52:00,45:01:00,Emalia,,
GH050292.MP4,8/4/22,Lobophora,Open,5,Farmer fish,44:34:00,45:06:00,2,45:07:00,45:29:00,Emalia,,
GH050292.MP4,8/4/22,Lobophora,Open,6,Farmer fish,46:18:00,46:53:00,2,47:02:00,47:04:00,Emalia,,
GH050292.MP4,8/4/22,Lobophora,Open,7,Farmer fish,49:55:00,49:58:00,1,49:58:00,50:04:00,Emalia,,
GH050292.MP4,8/4/22,Lobophora,Dead coral,8,Farmer fish,52:43:00,52:48:00,5,53:07:00,53:20:00,Emalia,Fish in frame at end of vid. vid end time = swim out time,
GH050292.MP4,8/4/22,Lobophora,Open,9,Farmer fish,52:56:00,53:14:00,1,53:14:00,53:20:00,Emalia,Fish in frame at end of vid. vid end time = swim out time,
GH060292.MP4,8/4/22,Lobophora,Open,1,Farmer fish,8:27:00,8:31:00,2,8:33:00,8:39:00,Emalia,,
GH060292.MP4,8/4/22,Lobophora,Dead coral,2,Farmer fish,8:51:00,9:00:00,3,9:04:00,9:16:00,Emalia,Takes off big chunk,
GH060292.MP4,8/4/22,Lobophora,Open,3,Farmer fish,9:46:00,9:15:00,1,9:15:00,10:02:00,Emalia,,
GH070292.MP4,8/4/22,Lobophora,Dead coral,1,Farmer fish,34:24:00,34:33:00,1,34:33:00,34:44:00,Emalia,,
GH070292.MP4,8/4/22,Lobophora,Open,2,Farmer fish,35:23:00,35:41:00,1,35:41:00,35:50:00,Emalia,,
GH070292.MP4,8/4/22,Lobophora,Open,3,Pinktail triggerfish,36:45:00,36:54:00,2,36:56:00,37:12:00,Emalia,Farmerfish scares it away,
GH070292.MP4,8/4/22,Lobophora,Open,4,Farmer fish,38:31:00,38:49:00,1,38:49:00,39:15:00,Emalia,,
GH080292.MP4,8/5/22,Lobophora,Open,1,Farmer fish,53:14:00,53:20:00,2,53:38:00,54:02:00,Emalia,,
GH080292.MP4,8/5/22,Lobophora,Dead coral,NO DATA,,,,,,,Emalia,,
GH010017.MP4,8/5/22,Lobophora,Open,NO DATA,,,,,,,Emalia,Close call with regal angelfish. Brushtail tang eating epiphytes,
GH010017.MP4,8/5/22,Lobophora,Dead coral,NO DATA,,,,,,,Emalia,,
GH020017.MP4,8/5/22,Lobophora,Open,NO DATA,,,,,,,Emalia,,
GH020017.MP4,8/5/22,Lobophora,Dead coral,NO DATA,,,,,,,Emalia,,
GH030017.MP4,8/5/22,Lobophora,Open,NO DATA,,,,,,,Emalia,,
GH030017.MP4,8/5/22,Lobophora,Dead coral,NO DATA,,,,,,,Emalia,,
GH040017.MP4,8/5/22,Lobophora,Open,NO DATA,,,,,,,Emalia,,
GH040017.MP4,8/5/22,Lobophora,Dead coral,NO DATA,,,,,,,Emalia,,
GH050017.MP4,8/5/22,Lobophora,Open,NO DATA,,,,,,,Emalia,,
GH050017.MP4,8/5/22,Lobophora,Dead coral,NO DATA,,,,,,,Emalia,,
GH060017.MP4,8/5/22,Lobophora,Open,NO DATA,,,,,,,Emalia,,
GH060017.MP4,8/5/22,Lobophora,Dead coral,NO DATA,,,,,,,Emalia,,
GH070017.MP4,8/5/22,Lobophora,Open,NO DATA,,,,,,,Emalia,,
GH070017.MP4,8/5/22,Lobophora,Dead coral,NO DATA,,,,,,,Emalia,,
GH080017.MP4,8/5/22,Lobophora,Open,NO DATA,,,,,,,Emalia,,
GH080017.MP4,8/5/22,Lobophora,Dead coral,NO DATA,,,,,,,Emalia,,
GH010198.MP4,8/5/22,Lobophora,Open,NO DATA,,,,,,,Emalia,,
GH010198.MP4,8/5/22,Lobophora,Dead coral,NO DATA,,,,,,,Emalia,,
GH020198.MP4,8/5/22,Lobophora,Open,NO DATA,,,,,,,Emalia,,
GH020198.MP4,8/5/22,Lobophora,Dead coral,NO DATA,,,,,,,Emalia,"Lemonpeel angelfish around ""41:32"" just eating epiphytes?",
GH030198.MP4,8/5/22,Lobophora,Open,NO DATA,,,,,,,Emalia,,
GH030198.MP4,8/5/22,Lobophora,Dead coral,NO DATA,,,,,,,Emalia,,
GH040198.MP4,8/5/22,Lobophora,Open,NO DATA,,,,,,,Emalia,,
GH040198.MP4,8/5/22,Lobophora,Dead coral,NO DATA,,,,,,,Emalia,,
GH050198.MP4,8/5/22,Lobophora,Open,NO DATA,,,,,,,Emalia,,
GH050198.MP4,8/5/22,Lobophora,Dead coral,NO DATA,,,,,,,Emalia,,
GH060198.MP4,8/5/22,Lobophora,Open,NO DATA,,,,,,,Emalia,,
GH060198.MP4,8/5/22,Lobophora,Dead coral,NO DATA,,,,,,,Emalia,,
GH070198.MP4,8/5/22,Lobophora,Open,NO DATA,,,,,,,Emalia,,
GH070198.MP4,8/5/22,Lobophora,Dead coral,NO DATA,,,,,,,Emalia,,
GH080198.MP4,8/5/22,Lobophora,Open,NO DATA,,,,,,,Emalia,,
GH080198.MP4,8/5/22,Lobophora,Dead coral,NO DATA,,,,,,,Emalia,,
GH010013.MP4,8/5/22,Lobophora,Open,NO DATA,,,,,,,Emalia,,
GH010013.MP4,8/5/22,Lobophora,Dead coral,NO DATA,,,,,,,Emalia,,
GH010014.MP4,8/5/22,Lobophora,Open,NO DATA,,,,,,,Emalia,,
GH010014.MP4,8/5/22,Lobophora,Dead coral,NO DATA,,,,,,,Emalia,,
GH020014.MP4,8/5/22,Lobophora,Open,NO DATA,,,,,,,Emalia,,
GH020014.MP4,8/5/22,Lobophora,Dead coral,NO DATA,,,,,,,Emalia,,
GH030014.MP4,8/5/22,Lobophora,Open,1,Pinktail triggerfish,58:39:00,58:49:00,3,58:51:00,59:06:00,Emalia,,
GH030014.MP4,8/5/22,Lobophora,Dead coral,1,Pinktail triggerfish,58:39:00,58:56:00,4,58:59:00,59:06:00,Emalia,,
GH040014.MP4,8/5/22,Lobophora,Open,NO DATA,,,,,,,Emalia,,
GH040014.MP4,8/5/22,Lobophora,Dead coral,NO DATA,,,,,,,Emalia,,
GH050014.MP4,8/5/22,Lobophora,Open,NO DATA,,,,,,,Emalia,,
GH050014.MP4,8/5/22,Lobophora,Dead coral,NO DATA,,,,,,,Emalia,,
GH060014.MP4,8/5/22,Lobophora,Open,NO DATA,,,,,,,Emalia,,
GH060014.MP4,8/5/22,Lobophora,Dead coral,NO DATA,,,,,,,Emalia,,
GH070014.MP4,8/5/22,Lobophora,Open,NO DATA,,,,,,,Emalia,,
GH070014.MP4,8/5/22,Lobophora,Dead coral,NO DATA,,,,,,,Emalia,,
GH080014.MP4,8/5/22,Lobophora,Open,NO DATA,,,,,,,Emalia,,
GH080014.MP4,8/5/22,Lobophora,Dead coral,NO DATA,,,,,,,Emalia,,
GH010020.MP4,8/5/22,Turbinaria,Open,NO DATA,,,,,,,Emalia,,
GH010020.MP4,8/5/22,Turbinaria,Dead coral,NO DATA,,,,,,,Emalia,,
GH010022.MP4,8/5/22,Turbinaria,Open,NO DATA,,,,,,,Emalia,,
GH010022.MP4,8/5/22,Turbinaria,Dead coral,NO DATA,,,,,,,Emalia,,
GH020020.MP4,8/5/22,Turbinaria,Open,NO DATA,,,,,,,Emalia,,
GH020020.MP4,8/5/22,Turbinaria,Dead coral,NO DATA,,,,,,,Emalia,,
GH020022.MP4,8/5/22,Turbinaria,Open,NO DATA,,,,,,,Emalia,,
GH020022.MP4,8/5/22,Turbinaria,Dead coral,NO DATA,,,,,,,Emalia,,
GH030020.MP4,8/5/22,Turbinaria,Open,NO DATA,,,,,,,Emalia,,
GH030020.MP4,8/5/22,Turbinaria,Dead coral,NO DATA,,,,,,,Emalia,,
GH030022.MP4,8/5/22,Turbinaria,Open,NO DATA,,,,,,,Emalia,,
GH030022.MP4,8/5/22,Turbinaria,Dead coral,NO DATA,,,,,,,Emalia,,
GH040020.MP4,8/5/22,Turbinaria,Open,NO DATA,,,,,,,Emalia,,
GH040020.MP4,8/5/22,Turbinaria,Dead coral,NO DATA,,,,,,,Emalia,,
GH040022.MP4,8/5/22,Turbinaria,Open,NO DATA,,,,,,,Emalia,,
GH040022.MP4,8/5/22,Turbinaria,Dead coral,NO DATA,,,,,,,Emalia,,
GH050020.MP4,8/5/22,Turbinaria,Open,NO DATA,,,,,,,Emalia,,
GH050020.MP4,8/5/22,Turbinaria,Dead coral,NO DATA,,,,,,,Emalia,,
GH050022.MP4,8/5/22,Turbinaria,Open,NO DATA,,,,,,,Emalia,,
GH050022.MP4,8/5/22,Turbinaria,Dead coral,NO DATA,,,,,,,Emalia,,
GH060020.MP4,8/5/22,Turbinaria,Open,NO DATA,,,,,,,Emalia,,
GH060020.MP4,8/5/22,Turbinaria,Dead coral,NO DATA,,,,,,,Emalia,,
GH060022.MP4,8/5/22,Turbinaria,Open,1,Bullethead parrotfish,18:25:00,18:30:00,3,18:32:00,18:41:00,Emalia,,
GH060022.MP4,8/5/22,Turbinaria,Dead coral,NO DATA,,,,,,,Emalia,,
GH070020.MP4,8/5/22,Turbinaria,Open,NO DATA,,,,,,,Emalia,,
GH070020.MP4,8/5/22,Turbinaria,Dead coral,NO DATA,,,,,,,Emalia,,
GH070022.MP4,8/5/22,Turbinaria,Open,NO DATA,,,,,,,Emalia,,
GH070022.MP4,8/5/22,Turbinaria,Dead coral,NO DATA,,,,,,,Emalia,,
GH080020.MP4,8/5/22,Turbinaria,Open,1,Starry-eyed parrotfish,52:19:00,52:25:00,1,52:25:00,52:27:00,Emalia,,
GH080020.MP4,8/5/22,Turbinaria,Dead coral,NO DATA,,,,,,,Emalia,,
GH080022.MP4,8/5/22,Turbinaria,Open,NO DATA,,,,,,,Emalia,,
GH080022.MP4,8/5/22,Turbinaria,Dead coral,NO DATA,,,,,,,Emalia,,
GH010023.MP4,8/5/22,Turbinaria,Open,NO DATA,,,,,,,Emalia,,
GH010023.MP4,8/5/22,Turbinaria,Dead coral,NO DATA,,,,,,,Emalia,,
GH010350.MP4,8/5/22,Turbinaria,Open,NO DATA,,,,,,,Emalia,,
GH010350.MP4,8/5/22,Turbinaria,Dead coral,NO DATA,,,,,,,Emalia,,
GH020023.MP4,8/5/22,Turbinaria,Open,NO DATA,,,,,,,Emalia,,
GH020023.MP4,8/5/22,Turbinaria,Dead coral,NO DATA,,,,,,,Emalia,,
GH020350.MP4,8/5/22,Turbinaria,Open,NO DATA,,,,,,,Emalia,,
GH020350.MP4,8/5/22,Turbinaria,Dead coral,NO DATA,,,,,,,Emalia,,
GH030023.MP4,8/5/22,Turbinaria,Open,NO DATA,,,,,,,Emalia,,
GH030023.MP4,8/5/22,Turbinaria,Dead coral,NO DATA,,,,,,,Emalia,,
GH030350.MP4,8/5/22,Turbinaria,Open,NO DATA,,,,,,,Emalia,,
GH030350.MP4,8/5/22,Turbinaria,Dead coral,NO DATA,,,,,,,Emalia,,
GH040023.MP4,8/5/22,Turbinaria,Open,NO DATA,,,,,,,Emalia,,
GH040023.MP4,8/5/22,Turbinaria,Dead coral,NO DATA,,,,,,,Emalia,,
GH040350.MP4,8/5/22,Turbinaria,Open,NO DATA,,,,,,,Emalia,,
GH040350.MP4,8/5/22,Turbinaria,Dead coral,NO DATA,,,,,,,Emalia,,
GH050023.MP4,8/5/22,Turbinaria,Open,NO DATA,,,,,,,Emalia,,
GH050023.MP4,8/5/22,Turbinaria,Dead coral,NO DATA,,,,,,,Emalia,,
GH050350.MP4,8/5/22,Turbinaria,Open,NO DATA,,,,,,,Emalia,,
GH050350.MP4,8/5/22,Turbinaria,Dead coral,NO DATA,,,,,,,Emalia,,
GH060023.MP4,8/5/22,Turbinaria,Open,NO DATA,,,,,,,Emalia,,
GH060023.MP4,8/5/22,Turbinaria,Dead coral,NO DATA,,,,,,,Emalia,,
GH060350.MP4,8/5/22,Turbinaria,Open,NO DATA,,,,,,,Emalia,,
GH060350.MP4,8/5/22,Turbinaria,Dead coral,NO DATA,,,,,,,Emalia,,
GH070023.MP4,8/5/22,Turbinaria,Open,NO DATA,,,,,,,Emalia,,
GH070023.MP4,8/5/22,Turbinaria,Dead coral,NO DATA,,,,,,,Emalia,,
GH070350.MP4,8/5/22,Turbinaria,Open,NO DATA,,,,,,,Emalia,,
GH070350.MP4,8/5/22,Turbinaria,Dead coral,NO DATA,,,,,,,Emalia,,
GH080023.MP4,8/5/22,Turbinaria,Open,NO DATA,,,,,,,Emalia,,
GH080023.MP4,8/5/22,Turbinaria,Dead coral,NO DATA,,,,,,,Emalia,,
GH080350.MP4,8/5/22,Turbinaria,Open,NO DATA,,,,,,,Emalia,,
GH080350.MP4,8/5/22,Turbinaria,Dead coral,NO DATA,,,,,,,Emalia,,
GH010019.MP4,8/5/22,Turbinaria,Open,NO DATA,,,,,,,Emalia,,
GH010019.MP4,8/5/22,Turbinaria,Dead coral,NO DATA,,,,,,,Emalia,,
GH010206.MP4,8/6/22,Turbinaria,Open,NO DATA,,,,,,,Emalia,,
GH010206.MP4,8/6/22,Turbinaria,Dead coral,NO DATA,,,,,,,Emalia,,
GH020019.MP4,8/6/22,Turbinaria,Open,NO DATA,,,,,,,Emalia,,
GH020019.MP4,8/6/22,Turbinaria,Dead coral,NO DATA,,,,,,,Emalia,,
GH020206.MP4,8/6/22,Turbinaria,Open,NO DATA,,,,,,,Emalia,,
GH020206.MP4,8/6/22,Turbinaria,Dead coral,NO DATA,,,,,,,Emalia,,
GH030019.MP4,8/6/22,Turbinaria,Open,NO DATA,,,,,,,Emalia,,
GH030019.MP4,8/6/22,Turbinaria,Dead coral,NO DATA,,,,,,,Emalia,,
GH030206.MP4,8/6/22,Turbinaria,Open,NO DATA,,,,,,,Emalia,,
GH030206.MP4,8/6/22,Turbinaria,Dead coral,NO DATA,,,,,,,Emalia,,
GH040019.MP4,8/6/22,Turbinaria,Open,NO DATA,,,,,,,Emalia,,
GH040019.MP4,8/6/22,Turbinaria,Dead coral,NO DATA,,,,,,,Emalia,,
GH040206.MP4,8/6/22,Turbinaria,Open,NO DATA,,,,,,,Emalia,,
GH040206.MP4,8/6/22,Turbinaria,Dead coral,NO DATA,,,,,,,Emalia,,
GH050019.MP4,8/6/22,Turbinaria,Open,NO DATA,,,,,,,Emalia,,
GH050019.MP4,8/6/22,Turbinaria,Dead coral,NO DATA,,,,,,,Emalia,,
GH050206.MP4,8/6/22,Turbinaria,Open,NO DATA,,,,,,,Emalia,,
GH050206.MP4,8/6/22,Turbinaria,Dead coral,NO DATA,,,,,,,Emalia,,
GH060019.MP4,8/6/22,Turbinaria,Open,NO DATA,,,,,,,Emalia,,
GH060019.MP4,8/6/22,Turbinaria,Dead coral,NO DATA,,,,,,,Emalia,,
GH060206.MP4,8/6/22,Turbinaria,Open,NO DATA,,,,,,,Emalia,,
GH060206.MP4,8/6/22,Turbinaria,Dead coral,NO DATA,,,,,,,Emalia,,
GH070019.MP4,8/6/22,Turbinaria,Open,NO DATA,,,,,,,Emalia,,
GH070019.MP4,8/6/22,Turbinaria,Dead coral,NO DATA,,,,,,,Emalia,,
GH070206.MP4,8/6/22,Turbinaria,Open,NO DATA,,,,,,,Emalia,,
GH070206.MP4,8/6/22,Turbinaria,Dead coral,NO DATA,,,,,,,Emalia,,
GH080019.MP4,8/6/22,Turbinaria,Open,NO DATA,,,,,,,Emalia,,
GH080019.MP4,8/6/22,Turbinaria,Dead coral,NO DATA,,,,,,,Emalia,,
GH080206.MP4,8/6/22,Turbinaria,Open,NO DATA,,,,,,,Emalia,,
GH080206.MP4,8/6/22,Turbinaria,Dead coral,NO DATA,,,,,,,Emalia,,
GH010204.MP4,8/6/22,Turbinaria,Open,NO DATA,,,,,,,Emalia,,
GH010204.MP4,8/6/22,Turbinaria,Dead coral,NO DATA,,,,,,,Emalia,,
GH010351.MP4,8/6/22,Turbinaria,Open,NO DATA,,,,,,,Emalia,,
GH010351.MP4,8/6/22,Turbinaria,Dead coral,NO DATA,,,,,,,Emalia,,
GH020204.MP4,8/6/22,Turbinaria,Open,NO DATA,,,,,,,Emalia,,
GH020204.MP4,8/6/22,Turbinaria,Dead coral,NO DATA,,,,,,,Emalia,,
GH020351.MP4,8/6/22,Turbinaria,Open,NO DATA,,,,,,,Emalia,,
GH020351.MP4,8/6/22,Turbinaria,Dead coral,NO DATA,,,,,,,Emalia,,
GH030204.MP4,8/6/22,Turbinaria,Open,NO DATA,,,,,,,Emalia,,
GH030204.MP4,8/6/22,Turbinaria,Dead coral,NO DATA,,,,,,,Emalia,,
GH030351.MP4,8/6/22,Turbinaria,Open,NO DATA,,,,,,,Emalia,,
GH030351.MP4,8/6/22,Turbinaria,Dead coral,NO DATA,,,,,,,Emalia,,
GH040204.MP4,8/6/22,Turbinaria,Open,NO DATA,,,,,,,Emalia,,
GH040204.MP4,8/6/22,Turbinaria,Dead coral,NO DATA,,,,,,,Emalia,,
GH040351.MP4,8/6/22,Turbinaria,Open,NO DATA,,,,,,,Emalia,,
GH040351.MP4,8/6/22,Turbinaria,Dead coral,NO DATA,,,,,,,Emalia,,
GH050204.MP4,8/6/22,Turbinaria,Open,NO DATA,,,,,,,Emalia,,
GH050204.MP4,8/6/22,Turbinaria,Dead coral,NO DATA,,,,,,,Emalia,,
GH050351.MP4,8/6/22,Turbinaria,Open,NO DATA,,,,,,,Emalia,,
GH050351.MP4,8/6/22,Turbinaria,Dead coral,NO DATA,,,,,,,Emalia,,
GH060204.MP4,8/6/22,Turbinaria,Open,NO DATA,,,,,,,Emalia,,
GH060204.MP4,8/6/22,Turbinaria,Dead coral,NO DATA,,,,,,,Emalia,,
GH060351.MP4,8/6/22,Turbinaria,Open,NO DATA,,,,,,,Emalia,,
GH060351.MP4,8/6/22,Turbinaria,Dead coral,NO DATA,,,,,,,Emalia,,
GH070204.MP4,8/6/22,Turbinaria,Open,NO DATA,,,,,,,Emalia,,
GH070204.MP4,8/6/22,Turbinaria,Dead coral,NO DATA,,,,,,,Emalia,,
GH070351.MP4,8/6/22,Turbinaria,Open,NO DATA,,,,,,,Emalia,,
GH070351.MP4,8/6/22,Turbinaria,Dead coral,NO DATA,,,,,,,Emalia,,
GH080204.MP4,8/6/22,Turbinaria,Open,NO DATA,,,,,,,Emalia,,
GH080204.MP4,8/6/22,Turbinaria,Dead coral,NO DATA,,,,,,,Emalia,,
GH080351.MP4,8/6/22,Turbinaria,Open,NO DATA,,,,,,,Emalia,,
GH080351.MP4,8/6/22,Turbinaria,Dead coral,NO DATA,,,,,,,Emalia,,
GH010208.MP4,8/6/22,Turbinaria,Open,NO DATA,,,,,,,Emalia,,
GH010208.MP4,8/6/22,Turbinaria,Dead coral,NO DATA,,,,,,,Emalia,,
GH020208.MP4,8/6/22,Turbinaria,Open,NO DATA,,,,,,,Emalia,,
GH020208.MP4,8/6/22,Turbinaria,Dead coral,NO DATA,,,,,,,Emalia,,
GH030208.MP4,8/6/22,Turbinaria,Open,NO DATA,,,,,,,Emalia,,
GH030208.MP4,8/6/22,Turbinaria,Dead coral,NO DATA,,,,,,,Emalia,,
GH040208.MP4,8/6/22,Turbinaria,Open,NO DATA,,,,,,,Emalia,,
GH040208.MP4,8/6/22,Turbinaria,Dead coral,NO DATA,,,,,,,Emalia,,
GH050208.MP4,8/6/22,Turbinaria,Open,NO DATA,,,,,,,Emalia,,
GH050208.MP4,8/6/22,Turbinaria,Dead coral,NO DATA,,,,,,,Emalia,,
GH060208.MP4,8/6/22,Turbinaria,Open,NO DATA,,,,,,,Emalia,,
GH060208.MP4,8/6/22,Turbinaria,Dead coral,NO DATA,,,,,,,Emalia,,
GH070208.MP4,8/6/22,Turbinaria,Open,NO DATA,,,,,,,Emalia,,
GH070208.MP4,8/6/22,Turbinaria,Dead coral,NO DATA,,,,,,,Emalia,,
GH080208.MP4,8/6/22,Turbinaria,Open,NO DATA,,,,,,,Emalia,,
GH080208.MP4,8/6/22,Turbinaria,Dead coral,NO DATA,,,,,,,Emalia,,
GH010025.MP4,8/6/22,Turbinaria,Open,NO DATA,,,,,,,Emalia,,
GH010025.MP4,8/6/22,Turbinaria,Dead coral,NO DATA,,,,,,,Emalia,,
GH020025.MP4,8/6/22,Turbinaria,Open,NO DATA,,,,,,,Emalia,,
GH020025.MP4,8/6/22,Turbinaria,Dead coral,NO DATA,,,,,,,Emalia,,
GH030025.MP4,8/6/22,Turbinaria,Open,NO DATA,,,,,,,Emalia,,
GH030025.MP4,8/6/22,Turbinaria,Dead coral,NO DATA,,,,,,,Emalia,,
GH040025.MP4,8/6/22,Turbinaria,Open,NO DATA,,,,,,,Emalia,,
GH040025.MP4,8/6/22,Turbinaria,Dead coral,NO DATA,,,,,,,Emalia,,
GH050025.MP4,8/6/22,Turbinaria,Open,NO DATA,,,,,,,Emalia,,
GH050025.MP4,8/6/22,Turbinaria,Dead coral,NO DATA,,,,,,,Emalia,,
GH060025.MP4,8/6/22,Turbinaria,Open,NO DATA,,,,,,,Emalia,,
GH060025.MP4,8/6/22,Turbinaria,Dead coral,NO DATA,,,,,,,Emalia,,
GH070025.MP4,8/6/22,Turbinaria,Open,NO DATA,,,,,,,Emalia,,
GH070025.MP4,8/6/22,Turbinaria,Dead coral,NO DATA,,,,,,,Emalia,,
GH080025.MP4,8/6/22,Turbinaria,Open,NO DATA,,,,,,,Emalia,,
GH080025.MP4,8/6/22,Turbinaria,Dead coral,NO DATA,,,,,,,Emalia,,
GH010023.MP4,8/6/22,Turbinaria,Open,NO DATA,,,,,,,Emalia,,
GH010023.MP4,8/6/22,Turbinaria,Dead coral,NO DATA,,,,,,,Emalia,,
GH020023.MP4,8/6/22,Turbinaria,Open,NO DATA,,,,,,,Emalia,,
GH020023.MP4,8/6/22,Turbinaria,Dead coral,NO DATA,,,,,,,Emalia,,
GH030023.MP4,8/6/22,Turbinaria,Open,NO DATA,,,,,,,Emalia,,
GH030023.MP4,8/6/22,Turbinaria,Dead coral,NO DATA,,,,,,,Emalia,,
GH040023.MP4,8/6/22,Turbinaria,Open,NO DATA,,,,,,,Emalia,,
GH040023.MP4,8/6/22,Turbinaria,Dead coral,NO DATA,,,,,,,Emalia,,
GH050023.MP4,8/6/22,Turbinaria,Open,NO DATA,,,,,,,Emalia,,
GH050023.MP4,8/6/22,Turbinaria,Dead coral,NO DATA,,,,,,,Emalia,,
GH060023.MP4,8/6/22,Turbinaria,Open,NO DATA,,,,,,,Emalia,,
GH060023.MP4,8/6/22,Turbinaria,Dead coral,NO DATA,,,,,,,Emalia,,
GH070023.MP4,8/6/22,Turbinaria,Open,NO DATA,,,,,,,Emalia,,
GH070023.MP4,8/6/22,Turbinaria,Dead coral,NO DATA,,,,,,,Emalia,,
GH080023.MP4,8/6/22,Turbinaria,Open,NO DATA,,,,,,,Emalia,,
GH080023.MP4,8/6/22,Turbinaria,Dead coral,NO DATA,,,,,,,Emalia,,
GH010353.MP4,8/6/22,Turbinaria,Open,NO DATA,,,,,,,Emalia,,
GH010353.MP4,8/6/22,Turbinaria,Dead coral,NO DATA,,,,,,,Emalia,,
GH020353.MP4,8/6/22,Turbinaria,Open,NO DATA,,,,,,,Emalia,,
GH020353.MP4,8/6/22,Turbinaria,Dead coral,NO DATA,,,,,,,Emalia,,
GH030353.MP4,8/6/22,Turbinaria,Open,NO DATA,,,,,,,Emalia,,
GH030353.MP4,8/6/22,Turbinaria,Dead coral,NO DATA,,,,,,,Emalia,,
GH040353.MP4,8/6/22,Turbinaria,Open,NO DATA,,,,,,,Emalia,,
GH040353.MP4,8/6/22,Turbinaria,Dead coral,NO DATA,,,,,,,Emalia,,
GH050353.MP4,8/6/22,Turbinaria,Open,NO DATA,,,,,,,Emalia,,
GH050353.MP4,8/6/22,Turbinaria,Dead coral,NO DATA,,,,,,,Emalia,,
GH060353.MP4,8/6/22,Turbinaria,Open,1,Starry-eyed parrotfish,39:38:00,39:39:00,1,39:39:00,39:47:00,Emalia,,
GH060353.MP4,8/6/22,Turbinaria,Dead coral,NO DATA,,,,,,,Emalia,,
GH070353.MP4,8/6/22,Turbinaria,Open,NO DATA,,,,,,,Emalia,,
GH070353.MP4,8/6/22,Turbinaria,Dead coral,NO DATA,,,,,,,Emalia,,
GH080353.MP4,8/6/22,Turbinaria,Open,NO DATA,,,,,,,Emalia,,
GH080353.MP4,8/6/22,Turbinaria,Dead coral,NO DATA,,,,,,,Emalia,,
GH010024.MP4,8/6/22,Turbinaria,Open,NO DATA,,,,,,,Emalia,,
GH010024.MP4,8/6/22,Turbinaria,Dead coral,NO DATA,,,,,,,Emalia,,
GH030024.MP4,8/6/22,Turbinaria,Open,NO DATA,,,,,,,Emalia,,
GH030024.MP4,8/6/22,Turbinaria,Dead coral,NO DATA,,,,,,,Emalia,,
GH040024.MP4,8/6/22,Turbinaria,Open,NO DATA,,,,,,,Emalia,,
GH040024.MP4,8/6/22,Turbinaria,Dead coral,NO DATA,,,,,,,Emalia,,
GH050024.MP4,8/6/22,Turbinaria,Open,NO DATA,,,,,,,Emalia,,
GH050024.MP4,8/6/22,Turbinaria,Dead coral,NO DATA,,,,,,,Emalia,,
GH060024.MP4,8/6/22,Turbinaria,Open,NO DATA,,,,,,,Emalia,,
GH060024.MP4,8/6/22,Turbinaria,Dead coral,NO DATA,,,,,,,Emalia,,
GH070024.MP4,8/6/22,Turbinaria,Open,NO DATA,,,,,,,Emalia,,
GH070024.MP4,8/6/22,Turbinaria,Dead coral,NO DATA,,,,,,,Emalia,,
GH080024.MP4,8/6/22,Turbinaria,Open,NO DATA,,,,,,,Emalia,,
GH080024.MP4,8/6/22,Turbinaria,Dead coral,NO DATA,,,,,,,Emalia,,
GH010026.MP4,8/6/22,Turbinaria,Open,NO DATA,,,,,,,Emalia,,
GH010026.MP4,8/6/22,Turbinaria,Dead coral,NO DATA,,,,,,,Emalia,,
GH020026.MP4,8/6/22,Turbinaria,Open,NO DATA,,,,,,,Emalia,,
GH020026.MP4,8/6/22,Turbinaria,Dead coral,NO DATA,,,,,,,Emalia,,
GH030026.MP4,8/6/22,Turbinaria,Open,NO DATA,,,,,,,Emalia,,
GH030026.MP4,8/6/22,Turbinaria,Dead coral,NO DATA,,,,,,,Emalia,,
GH040026.MP4,8/6/22,Turbinaria,Open,NO DATA,,,,,,,Emalia,,
GH040026.MP4,8/6/22,Turbinaria,Dead coral,NO DATA,,,,,,,Emalia,,
GH050026.MP4,8/6/22,Turbinaria,Open,NO DATA,,,,,,,Emalia,,
GH050026.MP4,8/6/22,Turbinaria,Dead coral,NO DATA,,,,,,,Emalia,,
GH060026.MP4,8/6/22,Turbinaria,Open,NO DATA,,,,,,,Emalia,,
GH060026.MP4,8/6/22,Turbinaria,Dead coral,NO DATA,,,,,,,Emalia,,
GH070026.MP4,8/6/22,Turbinaria,Open,NO DATA,,,,,,,Emalia,,
GH070026.MP4,8/6/22,Turbinaria,Dead coral,NO DATA,,,,,,,Emalia,,
GH080026.MP4,8/6/22,Turbinaria,Open,NO DATA,,,,,,,Emalia,,
GH080026.MP4,8/6/22,Turbinaria,Dead coral,NO DATA,,,,,,,Emalia,,
GH010354.MP4,8/6/22,Turbinaria,Open,NO DATA,,,,,,,Emalia,,
GH010354.MP4,8/6/22,Turbinaria,Dead coral,NO DATA,,,,,,,Emalia,,
GH020354.MP4,8/6/22,Turbinaria,Open,NO DATA,,,,,,,Emalia,,
GH020354.MP4,8/6/22,Turbinaria,Dead coral,NO DATA,,,,,,,Emalia,,
GH030354.MP4,8/6/22,Turbinaria,Open,NO DATA,,,,,,,Emalia,,
GH030354.MP4,8/6/22,Turbinaria,Dead coral,1,Bullethead parrotfish,20:16:00,20:18:00,1,20:18:00,20:48:00,Emalia,,
GH040354.MP4,8/6/22,Turbinaria,Open,NO DATA,,,,,,,Emalia,,
GH040354.MP4,8/6/22,Turbinaria,Dead coral,NO DATA,,,,,,,Emalia,,
GH050354.MP4,8/6/22,Turbinaria,Open,NO DATA,,,,,,,Emalia,,
GH050354.MP4,8/6/22,Turbinaria,Dead coral,NO DATA,,,,,,,Emalia,,
GH060354.MP4,8/6/22,Turbinaria,Open,NO DATA,,,,,,,Emalia,,
GH060354.MP4,8/6/22,Turbinaria,Dead coral,NO DATA,,,,,,,Emalia,,
GH070354.MP4,8/6/22,Turbinaria,Open,NO DATA,,,,,,,Emalia,,
GH070354.MP4,8/6/22,Turbinaria,Dead coral,NO DATA,,,,,,,Emalia,,
GH080354.MP4,8/8/22,Turbinaria,Open,NO DATA,,,,,,,Emalia,,
GH080354.MP4,8/8/22,Turbinaria,Dead coral,NO DATA,,,,,,,Emalia,,
GH010009.MP4,8/8/22,Amansia,Open,NO DATA,,,,,,,Emalia,,
GH010009.MP4,8/8/22,Amansia,Dead coral,NO DATA,,,,,,,Emalia,,
GH020009.MP4,8/8/22,Amansia,Open,NO DATA,,,,,,,Emalia,,
GH020009.MP4,8/8/22,Amansia,Dead coral,NO DATA,,,,,,,Emalia,,
GH030009.MP4,8/8/22,Amansia,Open,NO DATA,,,,,,,Emalia,,
GH030009.MP4,8/8/22,Amansia,Dead coral,NO DATA,,,,,,,Emalia,,
GH040009.MP4,8/8/22,Amansia,Open,NO DATA,,,,,,,Emalia,,
GH040009.MP4,8/8/22,Amansia,Dead coral,NO DATA,,,,,,,Emalia,,
GH010008 2.MP4,8/8/22,Amansia,Open,NO DATA,,,,,,,Emalia,,
GH010008 2.MP4,8/8/22,Amansia,Dead coral,NO DATA,,,,,,,Emalia,,
GH020008 2.MP4,8/8/22,Amansia,Open,1,Brushtail tang,50:25:00,50:32:00,3,50:48:00,50:56:00,Emalia,,
GH020008 2.MP4,8/8/22,Amansia,Open,2,Brushtail tang,51:08:00,51:46:00,2,51:47:00,51:51:00,Emalia,,
GH020008 2.MP4,8/8/22,Amansia,Open,3,Brushtail tang,52:05:00,52:08:00,3,52:12:00,52:51:00,Emalia,,
GH020008 2.MP4,8/8/22,Amansia,Dead coral,NO DATA,,,,,,,Emalia,,
GH030008 2.MP4,8/8/22,Amansia,Open,1,Brushtail tang,15:40:00,15:50:00,3,15:58:00,16:39:00,Emalia,,
GH030008 2.MP4,8/8/22,Amansia,Dead coral,NO DATA,,,,,,,Emalia,,
GH040008 2.MP4,8/8/22,Amansia,Open,1,Brushtail tang,30:00:00,30:14:00,1,30:14:00,30:56:00,Emalia,,
GH040008 2.MP4,8/8/22,Amansia,Dead coral,NO DATA,,,,,,,Emalia,,
GH010027.MP4,8/14/22,Turbinaria,Open,NO DATA,,,,,,,Emalia,,
GH010027.MP4,8/14/22,Turbinaria,Dead coral,NO DATA,,,,,,,Emalia,,
GH020027.MP4,8/14/22,Turbinaria,Open,NO DATA,,,,,,,Emalia,,
GH020027.MP4,8/14/22,Turbinaria,Dead coral,NO DATA,,,,,,,Emalia,,
GH030027.MP4,8/14/22,Turbinaria,Open,NO DATA,,,,,,,Emalia,,
GH030027.MP4,8/14/22,Turbinaria,Dead coral,NO DATA,,,,,,,Emalia,,
GH040027.MP4,8/14/22,Turbinaria,Open,NO DATA,,,,,,,Emalia,,
GH040027.MP4,8/14/22,Turbinaria,Dead coral,NO DATA,,,,,,,Emalia,,
GH050027.MP4,8/14/22,Turbinaria,Open,NO DATA,,,,,,,Emalia,,
GH050027.MP4,8/14/22,Turbinaria,Dead coral,NO DATA,,,,,,,Emalia,,
GH060027.MP4,8/14/22,Turbinaria,Open,NO DATA,,,,,,,Emalia,,
GH060027.MP4,8/14/22,Turbinaria,Dead coral,NO DATA,,,,,,,Emalia,,
GH070027.MP4,8/14/22,Turbinaria,Open,NO DATA,,,,,,,Emalia,,
GH070027.MP4,8/14/22,Turbinaria,Dead coral,NO DATA,,,,,,,Emalia,,
GH080027.MP4,8/14/22,Turbinaria,Open,NO DATA,,,,,,,Emalia,,
GH080027.MP4,8/14/22,Turbinaria,Dead coral,NO DATA,,,,,,,Emalia,,
GH010211.MP4,8/14/22,Turbinaria,Open,NO DATA,,,,,,,Emalia,,
GH010211.MP4,8/14/22,Turbinaria,Dead coral,NO DATA,,,,,,,Emalia,,
GH020211.MP4,8/14/22,Turbinaria,Open,NO DATA,,,,,,,Emalia,,
GH020211.MP4,8/14/22,Turbinaria,Dead coral,NO DATA,,,,,,,Emalia,,
GH030211.MP4,8/14/22,Turbinaria,Open,NO DATA,,,,,,,Emalia,,
GH030211.MP4,8/14/22,Turbinaria,Dead coral,NO DATA,,,,,,,Emalia,,
GH010283.MP4,8/15/22,Amansia,Open,1,Brushtail tang,9:21:00,9:29:00,5,9:32:00,9:36:00,Emalia,,
GH010283.MP4,8/15/22,Amansia,Open,2,Brushtail tang,9:08:00,9:32:00,9,10:09:00,10:21:00,Emalia,,
GH010283.MP4,8/15/22,Amansia,Open,3,Brushtail tang,9:29:00,9:34:00,1,9:34:00,9:36:00,Emalia,,
GH010283.MP4,8/15/22,Amansia,Open,4,Brushtail tang,9:24:00,9:43:00,3,9:52:00,9:56:00,Emalia,,
GH010283.MP4,8/15/22,Amansia,Open,5,Brushtail tang,9:37:00,9:39:00,7,9:46:00,9:50:00,Emalia,,
GH010283.MP4,8/15/22,Amansia,Open,6,Brushtail tang,9:38:00,9:39:00,10,9:47:00,10:01:00,Emalia,,
GH010283.MP4,8/15/22,Amansia,Open,7,Brushtail tang,10:06:00,10:12:00,1,10:12:00,10:21:00,Emalia,,
GH010283.MP4,8/15/22,Amansia,Open,8,Brushtail tang,9:58:00,10:08:00,5,10:19:00,10:38:00,Emalia,,
GH010283.MP4,8/15/22,Amansia,Open,9,Brushtail tang,10:16:00,10:22:00,1,10:22:00,10:35:00,Emalia,,
GH010283.MP4,8/19/22,Amansia,Open,10,Brushtail tang,14:10:00,14:13:00,1,14:13:00,14:25:00,Emalia,,
GH010283.MP4,8/19/22,Amansia,Open,11,Brushtail tang,14:10:00,15:14:00,7,15:24:00,15:27:00,Emalia,,
GH010283.MP4,8/19/22,Amansia,Open,12,Brushtail tang,15:16:00,15:18:00,1,15:18:00,15:27:00,Emalia,,
GH010283.MP4,8/19/22,Amansia,Open,13,Brushtail tang,18:08:00,18:09:00,33,18:55:00,19:00:00,Emalia,,
GH010283.MP4,8/19/22,Amansia,Open,14,Brushtail tang,18:04:00,18:11:00,1,18:11:00,18:18:00,Emalia,,
GH010283.MP4,8/19/22,Amansia,Open,15,Brushtail tang,18:51:00,19:07:00,4,19:07:00,19:08:00,Emalia,Fish in frame at end of vid. vid end time = swim out time,
GH010283.MP4,8/19/22,Amansia,Dead coral,NO DATA,,,,,,,Emalia,,
GH020283.MP4,8/19/22,Amansia,Open,1,Brushtail tang,31:00:00,31:03:00,1,31:03:00,31:06:00,Emalia,Fish in frame at start of vid. vid start time = swim in time,
GH020283.MP4,8/19/22,Amansia,Open,2,Brushtail tang,31:31:00,31:34:00,1,31:34:00,31:37:00,Emalia,,
GH020283.MP4,8/19/22,Amansia,Open,3,Brushtail tang,31:35:00,31:40:00,1,31:40:00,31:44:00,Emalia,,
GH020283.MP4,8/19/22,Amansia,Open,4,Brushtail tang,33:27:00,33:29:00,9,33:38:00,33:41:00,Emalia,,
GH020283.MP4,8/19/22,Amansia,Open,5,Brushtail tang,34:35:00,34:36:00,10,34:55:00,34:58:00,Emalia,,
GH020283.MP4,8/19/22,Amansia,Open,6,Brushtail tang,34:37:00,34:41:00,2,34:41:00,34:36:00,Emalia,,
GH020283.MP4,8/19/22,Amansia,Open,7,Brushtail tang,35:24:00,35:28:00,2,35:29:00,35:30:00,Emalia,,
GH020283.MP4,8/19/22,Amansia,Open,8,Brushtail tang,36:01:00,36:06:00,1,36:06:00,36:11:00,Emalia,,
GH020283.MP4,8/19/22,Amansia,Open,9,Brushtail tang,36:05:00,86568:00:00,2,36:08:00,36:13:00,Emalia,,
GH020283.MP4,8/19/22,Amansia,Open,10,Brushtail tang,35:58:00,36:10:00,1,36:10:00,36:14:00,Emalia,,
GH020283.MP4,8/19/22,Amansia,Open,11,Brushtail tang,36:23:00,36:24:00,3,36:27:00,36:28:00,Emalia,,
GH020283.MP4,8/19/22,Amansia,Open,12,Brushtail tang,36:27:00,36:32:00,1,36:32:00,36:34:00,Emalia,,
GH020283.MP4,8/19/22,Amansia,Open,13,Brushtail tang,36:38:00,36:40:00,2,36:41:00,36:45:00,Emalia,,
GH020283.MP4,8/19/22,Amansia,Open,14,Brushtail tang,37:31:00,37:41:00,6,37:47:00,37:49:00,Emalia,,
GH020283.MP4,8/19/22,Amansia,Dead coral,15,Brushtail tang,38:05:00,38:09:00,2,38:11:00,38:14:00,Emalia,,
GH020283.MP4,8/19/22,Amansia,Open,16,Brushtail tang,39:26:00,39:43:00,1,39:43:00,40:09:00,Emalia,,
GH020283.MP4,8/19/22,Amansia,Open,17,Brushtail tang,40:10:00,40:12:00,6,40:18:00,40:22:00,Emalia,,
GH020283.MP4,8/19/22,Amansia,Open,18,Brushtail tang,40:16:00,40:20:00,1,40:20:00,40:22:00,Emalia,,
GH020283.MP4,8/19/22,Amansia,Open,19,Brushtail tang,40:25:00,40:26:00,4,40:32:00,40:33:00,Emalia,,
GH020283.MP4,8/19/22,Amansia,Open,20,Brushtail tang,40:25:00,40:33:00,6,40:35:00,40:40:00,Emalia,,
GH020283.MP4,8/19/22,Amansia,Open,21,Brushtail tang,40:34:00,40:37:00,2,40:39:00,40:41:00,Emalia,,
GH020283.MP4,8/19/22,Amansia,Open,22,Brushtail tang,40:32:00,40:42:00,1,40:42:00,40:45:00,Emalia,,
GH020283.MP4,8/19/22,Amansia,Dead coral,23,Brushtail tang,41:28:00,41:30:00,3,41:32:00,41:36:00,Emalia,,
GH020283.MP4,8/19/22,Amansia,Open,24,Brushtail tang,42:11:00,42:13:00,2,42:18:00,42:22:00,Emalia,,
GH020283.MP4,8/19/22,Amansia,Open,25,Brushtail tang,42:11:00,42:13:00,3,42:15:00,42:37:00,Emalia,,
GH020283.MP4,8/19/22,Amansia,Open,26,Brushtail tang,42:14:00,42:18:00,1,42:18:00,42:25:00,Emalia,,
GH030283.MP4,8/20/22,Amansia,Open,1,Brushtail tang,55:17:00,55:21:00,1,55:21:00,55:22:00,Emalia,,
GH030283.MP4,8/20/22,Amansia,Open,2,Brushtail tang,55:14:00,55:20:00,5,55:25:00,55:27:00,Emalia,,
GH030283.MP4,8/20/22,Amansia,Open,3,Brushtail tang,55:39:00,55:56:00,1,55:56:00,56:00:00,Emalia,,
GH030283.MP4,8/20/22,Amansia,Open,4,Brushtail tang,55:48:00,55:59:00,3,56:00:00,56:03:00,Emalia,,
GH030283.MP4,8/20/22,Amansia,Open,5,Brushtail tang,56:44:00,56:48:00,1,56:48:00,57:10:00,Emalia,,
GH030283.MP4,8/20/22,Amansia,Open,6,Brushtail tang,56:50:00,56:44:00,1,56:44:00,57:04:00,Emalia,,
GH030283.MP4,8/20/22,Amansia,Open,7,Brushtail tang,56:50:00,56:59:00,3,57:00:00,57:08:00,Emalia,,
GH030283.MP4,8/20/22,Amansia,Open,8,Brushtail tang,57:18:00,57:19:00,2,57:21:00,57:27:00,Emalia,,
GH030283.MP4,8/20/22,Amansia,Open,9,Brushtail tang,1:33:00,1:34:00,4,1:36:00,1:46:00,Emalia,,
GH030283.MP4,8/20/22,Amansia,Dead coral,10,Brushtail tang,1:46:00,2:07:00,1,2:07:00,2:12:00,Emalia,,
GH030283.MP4,8/20/22,Amansia,Open,11,Brushtail tang,4:58:00,5:00:00,2,5:01:00,5:11:00,Emalia,,
GH030283.MP4,8/20/22,Amansia,Open,12,Brushtail tang,5:02:00,5:09:00,1,5:09:00,5:11:00,Emalia,,
GH040283.MP4,8/22/22,Amansia,Open,1,Brushtail tang,18:08:00,18:09:00,4,18:14:00,18:24:00,Emalia,Fish in frame at start of vid. vid start time = swim in time,
GH040283.MP4,8/22/22,Amansia,Open,2,Brushtail tang,18:19:00,18:22:00,5,18:29:00,18:35:00,Emalia,,
GH040283.MP4,8/22/22,Amansia,Open,3,Brushtail tang,20:33:00,20:36:00,2,20:37:00,20:40:00,Emalia,,
GH040283.MP4,8/22/22,Amansia,Open,4,Brushtail tang,22:25:00,22:27:00,3,22:29:00,22:35:00,Emalia,,
GH040283.MP4,8/22/22,Amansia,Open,5,Brushtail tang,22:31:00,22:33:00,5,22:56:00,23:01:00,Emalia,,
GH040283.MP4,8/22/22,Amansia,Open,6,Brushtail tang,22:32:00,22:35:00,8,22:45:00,22:47:00,Emalia,,
GH040283.MP4,8/22/22,Amansia,Dead coral,7,Brushtail tang,22:40:00,22:43:00,1,22:43:00,23:45:00,Emalia,,
GH040283.MP4,8/22/22,Amansia,Open,8,Brushtail tang,22:59:00,23:00:00,19,23:24:00,23:36:00,Emalia,,
GH040283.MP4,8/22/22,Amansia,Open,9,Brushtail tang,23:08:00,23:12:00,4,23:15:00,23:20:00,Emalia,,
GH040283.MP4,8/22/22,Amansia,Open,10,Brushtail tang,23:07:00,23:21:00,4,23:23:00,23:31:00,Emalia,,
GH040283.MP4,8/22/22,Amansia,Open,11,Brushtail tang,24:22:00,24:26:00,26,25:12:00,25:06:00,Emalia,,
GH040283.MP4,8/22/22,Amansia,Open,12,Brushtail tang,24:39:00,24:40:00,6,24:50:00,25:04:00,Emalia,,
GH040283.MP4,8/22/22,Amansia,Dead coral,13,Brushtail tang,24:45:00,24:49:00,1,24:49:00,24:55:00,Emalia,,
GH010008.MP4,8/22/22,Amansia,Open,NO DATA,,,,,,,,,
GH010008.MP4,8/22/22,Amansia,Dead coral,NO DATA,,,,,,,,,
GH020008.MP4,8/22/22,Amansia,Open,NO DATA,,,,,,,,,
GH020008.MP4,8/22/22,Amansia,Dead coral,NO DATA,,,,,,,,,
GH030008.MP4,8/22/22,Amansia,Open,NO DATA,,,,,,,,,
GH030008.MP4,8/22/22,Amansia,Dead coral,NO DATA,,,,,,,,,
GH040008.MP4,8/22/22,Amansia,Open,NO DATA,,,,,,,,,
GH040008.MP4,8/22/22,Amansia,Dead coral,NO DATA,,,,,,,,,
GH010009.MP4,8/22/22,Amansia,Open,1,Mimic surgeonfish,38:46:00,39:05:00,14,39:20:00,39:29:00,,,
GH010009.MP4,8/22/22,Amansia,Dead coral,NO DATA,,,,,,,,,
GH020009.MP4,8/22/22,Amansia,Open,1,Mimic surgeonfish,56:34:00,56:47:00,7,56:55:00,57:01:00,,,
GH020009.MP4,8/22/22,Amansia,Dead coral,2,Brushtail tang,59:31:00,59:49:00,1,59:49:00,0:07:00,,,
GH040211.MP4,8/23/22,Turbinaria,Open,NO DATA,,,,,,,,,
GH040211.MP4,8/23/22,Turbinaria,Dead coral,NO DATA,,,,,,,,,
GH050211.MP4,8/23/22,Turbinaria,Open,NO DATA,,,,,,,,,
GH050211.MP4,8/23/22,Turbinaria,Dead coral,NO DATA,,,,,,,,,
GH060211.MP4,8/23/22,Turbinaria,Open,NO DATA,,,,,,,,,
GH060211.MP4,8/23/22,Turbinaria,Dead coral,NO DATA,,,,,,,,,
GH070211.MP4,8/23/22,Turbinaria,Open,NO DATA,,,,,,,,,
GH070211.MP4,8/23/22,Turbinaria,Dead coral,NO DATA,,,,,,,,,
GH080211.MP4,8/23/22,Turbinaria,Open,NO DATA,,,,,,,,,
GH080211.MP4,8/23/22,Turbinaria,Dead coral,NO DATA,,,,,,,,,
GH010357.MP4,8/23/22,Turbinaria,Open,NO DATA,,,,,,,,,
GH010357.MP4,8/23/22,Turbinaria,Dead coral,NO DATA,,,,,,,,,
GH020357.MP4,8/23/22,Turbinaria,Open,NO DATA,,,,,,,,,
GH020357.MP4,8/23/22,Turbinaria,Dead coral,NO DATA,,,,,,,,,
GH030357.MP4,8/23/22,Turbinaria,Open,NO DATA,,,,,,,,,
GH030357.MP4,8/23/22,Turbinaria,Dead coral,NO DATA,,,,,,,,,
GH040357.MP4,8/23/22,Turbinaria,Open,NO DATA,,,,,,,,,
GH040357.MP4,8/23/22,Turbinaria,Dead coral,NO DATA,,,,,,,,,
GH050357.MP4,8/23/22,Turbinaria,Dead coral,NO DATA,,,,,,,,,
GH050357.MP4,8/23/22,Turbinaria,Open,1,Bullethead parrotfish,13:59:00,14:04:00,1,14:04:00,14:13:00,,,
GH050357.MP4,8/23/22,Turbinaria,Open,2,Bullethead parrotfish,15:24:00,15:42:00,1,15:42:00,16:00:00,,,
GH060357.MP4,8/23/22,Turbinaria,Open,NO DATA,,,,,,,,,
GH060357.MP4,8/23/22,Turbinaria,Dead coral,NO DATA,,,,,,,,,
GH070357.MP4,8/23/22,Turbinaria,Open,NO DATA,,,,,,,,,
GH070357.MP4,8/23/22,Turbinaria,Dead coral,NO DATA,,,,,,,,,
GH080357.MP4,8/23/22,Turbinaria,Open,NO DATA,,,,,,,,,
GH080357.MP4,8/23/22,Turbinaria,Dead coral,NO DATA,,,,,,,,,
GH090357.MP4,8/23/22,Turbinaria,Open,NO DATA,,,,,,,,,
GH090357.MP4,8/23/22,Turbinaria,Dead coral,NO DATA,,,,,,,,,
GH010045.MP4,8/25/22,Turbinaria,Open,NO DATA,,,,,,,,,
GH010045.MP4,8/25/22,Turbinaria,Dead coral,NO DATA,,,,,,,,,
GH020045.MP4,8/25/22,Turbinaria,Open,NO DATA,,,,,,,,,
GH020045.MP4,8/25/22,Turbinaria,Dead coral,NO DATA,,,,,,,,,
GH030045.MP4,8/25/22,Turbinaria,Open,NO DATA,,,,,,,,,
GH030045.MP4,8/25/22,Turbinaria,Dead coral,NO DATA,,,,,,,,,
GH040045.MP4,8/25/22,Turbinaria,Open,NO DATA,,,,,,,,,
GH040045.MP4,8/25/22,Turbinaria,Dead coral,NO DATA,,,,,,,,,
GH050045.MP4,8/25/22,Turbinaria,Open,NO DATA,,,,,,,,,
GH050045.MP4,8/25/22,Turbinaria,Dead coral,NO DATA,,,,,,,,,
GH060045.MP4,8/25/22,Turbinaria,Open,NO DATA,,,,,,,,,
GH060045.MP4,8/25/22,Turbinaria,Dead coral,NO DATA,,,,,,,,,
GH070045.MP4,8/25/22,Turbinaria,Open,NO DATA,,,,,,,,,
GH070045.MP4,8/25/22,Turbinaria,Dead coral,NO DATA,,,,,,,,,
GH080045.MP4,8/25/22,Turbinaria,Open,NO DATA,,,,,,,,,
GH080045.MP4,8/25/22,Turbinaria,Dead coral,NO DATA,,,,,,,,,
GH090045.MP4,8/25/22,Turbinaria,Open,NO DATA,,,,,,,,,
GH090045.MP4,8/25/22,Turbinaria,Dead coral,NO DATA,,,,,,,,,
GH010029.MP4,8/25/22,Turbinaria,Open,NO DATA,,,,,,,,,
GH010029.MP4,8/25/22,Turbinaria,Dead coral,NO DATA,,,,,,,,,
GH020029.MP4,8/25/22,Turbinaria,Open,NO DATA,,,,,,,,,
GH020029.MP4,8/25/22,Turbinaria,Dead coral,NO DATA,,,,,,,,,
GH030029.MP4,8/25/22,Turbinaria,Open,NO DATA,,,,,,,,,
GH030029.MP4,8/25/22,Turbinaria,Dead coral,NO DATA,,,,,,,,,
GH040029.MP4,8/25/22,Turbinaria,Open,NO DATA,,,,,,,,,
GH040029.MP4,8/25/22,Turbinaria,Dead coral,NO DATA,,,,,,,,,
GH050029.MP4,8/26/22,Turbinaria,Dead coral,1,Mimic surgeonfish,5:43:00,5:44:00,7,5:52:00,6:03:00,,Fish in frame at start of vid. vid start time = swim in time,
GH050029.MP4,8/26/22,Turbinaria,Open,1,Mimic surgeonfish,5:43:00,5:56:00,4,6:00:00,6:03:00,,,
GH060029.MP4,8/26/22,Turbinaria,Dead coral,1,Mimic surgeonfish,30:26:00,30:32:00,3,30:34:00,30:37:00,,,
GH060029.MP4,8/26/22,Turbinaria,Open,NO DATA,,,,,,,,,
GH070029.MP4,8/26/22,Turbinaria,Open,NO DATA,,,,,,,,,
GH070029.MP4,8/26/22,Turbinaria,Dead coral,NO DATA,,,,,,,,,
GH080029.MP4,8/26/22,Turbinaria,Open,NO DATA,,,,,,,,,
GH080029.MP4,8/26/22,Turbinaria,Dead coral,NO DATA,,,,,,,,,
GH090029.MP4,8/26/22,Turbinaria,Open,NO DATA,,,,,,,,,
GH090029.MP4,8/26/22,Turbinaria,Dead coral,NO DATA,,,,,,,,,
GH010047.MP4,8/26/22,Turbinaria,Open,NO DATA,,,,,,,,,
GH010047.MP4,8/26/22,Turbinaria,Dead coral,NO DATA,,,,,,,,,
GH020047.MP4,8/26/22,Turbinaria,Open,NO DATA,,,,,,,,,
GH020047.MP4,8/26/22,Turbinaria,Dead coral,NO DATA,,,,,,,,,
GH030047.MP4,8/26/22,Turbinaria,Open,NO DATA,,,,,,,,,
GH030047.MP4,8/26/22,Turbinaria,Dead coral,NO DATA,,,,,,,,,
GH010011.MP4,1/16/23,Amansia,Open,1,Brushtail tang,3:16:00,3:18:00,3,3:24:00,3:29:00,,,
GH010011.MP4,1/16/23,Amansia,Dead coral,2,Brushtail tang,4:12:00,4:16:00,2,4:17:00,4:49:00,,,
GH010011.MP4,1/16/23,Amansia,Open,3,Brushtail tang,4:13:00,4:15:00,6,4:22:00,5:20:00,,,
GH010011.MP4,1/16/23,Amansia,Dead coral,3,Brushtail tang,4:13:00,5:02:00,5,12144:00:00,5:20:00,,,
GH010011.MP4,1/16/23,Amansia,Open,4,Brushtail tang,6:32:00,6:34:00,4,6:37:00,7:31:00,,,
GH010011.MP4,1/16/23,Amansia,Open,5,Brushtail tang,6:39:00,,,,,,,